Id,main_type
32c02845-4a51-4e8d-bafd-27632c99c02e,2
93dc8e78-b1f8-4ca9-94ef-e4715f35594a,8
3f9601a2-2131-4206-baf7-d5e7bd5c4a53,1
6316af18-d444-465a-aeb8-9b429a181a9b,9
b6765261-206c-4d48-a718-8e8bdd3be587,9
3f378a2b-0790-49d2-ba64-ebb46417a675,8
962f41fc-272e-40c9-b7c3-8afcabef1bae,15
9c83ff38-3449-4714-9742-906f9c7ff5c9,15
4ad7110f-306d-4956-872d-ca88d4df135c,1
57117002-192a-4a74-a5c2-5283517a6d10,4
04c4cdf1-736b-4a88-878d-932ca67780cf,5
d9f280ca-2d2d-4eb8-b736-faaaaed57eb1,3
fea3413c-f31d-42fd-8e5e-41bb6a5bb5eb,10
66804f26-cd1d-480f-963d-a0f06abca5d2,2
1a1aac5e-ef2c-437c-b08d-43c07fd7e483,6
08ada430-a17a-4701-9d4f-54f656e36782,15
31eb8313-135a-454c-b4cd-ed92316ca059,6
1d1bdcf2-46ce-4b12-851b-453f1d51481f,10
4ae4f11f-762e-4622-a4f0-427552ee6244,10
71cda48c-19b8-4030-984a-29539df2841c,10
9cedd48e-c2f9-4214-a6d6-3358f26a5f4c,16
9bacfbfb-0459-4427-98b1-736ecfdc38f4,16
34e5a5a4-5642-476d-b336-84e0f3c02c6f,4
f6a44dfc-0992-4bc3-aa0f-6464df93cd4a,12
65a4b558-c02f-4c35-a1da-010a9e6d495e,8
440a57ac-d482-4af8-8a90-e5015a550fa9,14
5c5c9513-6e73-4269-9460-b824e00bb455,8
bb0219d2-d712-49b7-a3b5-231117a2a49e,16
14be8b5d-bb1c-40a8-acae-8767ba415852,12
02fc8fde-0d79-4bb3-80a5-c4dd217684fe,14
b4cf9db7-22c9-418c-a929-47695ce22856,9
62c98875-04b9-4adf-8b74-b784193c7b32,4
4a3b6229-3236-4d4c-93ff-cf7f39972596,15
b32a5944-9616-467a-b122-1f44c382fd38,9
98577292-e64f-4464-ab61-97a62f7f8eba,16
4bd9f66b-2f1b-497a-8b3f-064d97a82b44,4
0a764ca7-640e-436d-8dfe-ba6950d39125,8
6051fd66-ae67-4f78-8bab-fb0f69541ea5,6
c9364143-1cb9-4e41-b460-467c3efca956,5
758628d8-d4c5-40f5-a0be-36d4018ea753,8
f26b6450-6754-4694-825d-e847e9f004ed,4
3985b09e-7ae0-496e-87e9-528290110e6d,16
ed4fdc23-efcd-493d-b649-0301cab122fe,11
6111aa90-b2ff-44c9-a566-509597cc194f,15
990f3771-af48-4ff8-802c-0f7b43e14db2,4
031f3668-b6c9-4eab-bb65-9df3894d7750,3
52014679-a2f7-4f50-861d-1f60d0a41833,15
0205b2bd-58de-43c1-b470-b187ec4d5607,9
7f665181-6159-450e-afae-fb37978ab585,8
ce95b09d-7af3-41ae-9ee6-54b15d1fc38a,14
b3e3d7db-0773-4cb0-b686-a12083a02a5e,10
93b606de-70f7-476e-922a-810f68e55aa3,6
05c3b652-b41f-4e54-ae60-3b05b812fd34,2
42809f8c-0af2-4ee2-a681-0c3256e2004a,6
0b6c253a-ae79-48de-a6a9-c70c2b15a626,5
db94bcf9-b136-40fc-9785-d06298d745f1,11
df948b60-b84c-48ae-86ab-6d68ee7eb2e4,10
be88a91e-b1e3-4dd0-9886-e55ba37d27dd,10
8732bf61-7ea3-4599-8b80-895ad5c8d571,7
f1087b80-ab0c-4ec4-aaec-2bed1b7254b8,7
8cb0e55a-1048-454c-95c8-00e81a261800,14
92afe56e-5507-4462-ad16-d21a09a04e37,16
9229a2d9-1887-4f5d-add6-35f535671a36,1
71d341a6-992e-46e9-976b-526e3266b1d4,11
9ba91258-b1c1-4d5e-9a2f-f8be63e730ae,7
6096d9b5-ae5f-4e03-a416-981ab09f201a,14
567636d9-6583-4017-a9e0-5f7f50b701b5,12
ab09e776-9a19-4c0e-b4a1-ea8353227a96,14
818f929c-24f2-4b70-bfa6-51c3d7c393e3,9
5bf271da-dd26-401c-90d2-50531a4216b7,15
1304cac9-f8f7-402b-a4dc-5c83c610f9ce,3
cd215467-4326-4248-9edc-af56b9d2bbc3,5
0ffdbc2a-a753-44ee-9d1e-eec4df891155,3
649bf964-5c74-45a0-a738-b007b91ca1bd,2
5cfcb0d1-c95f-411a-be07-f3cf8dd4de76,7
72893ed3-29a1-4180-bec8-77f2de9deed4,9
9ddf71e6-6c00-42ab-a779-693b65a0a9ee,2
43e559c0-339f-45b4-a3c2-30f676f8dc0f,3
f6277f09-7052-452b-aa91-0d43e3ce03b8,3
8496ef81-bbca-406e-85af-e883cec4a0d4,6
2da5b01a-9183-4e42-b715-4c068758020b,3
97b081b5-09c6-49ef-a3d7-f5ef99837c27,0
feb8f26a-4799-44e4-8ebd-64768531e883,7
bdd07a02-e7d3-4fe7-9fbd-135ac3c73209,6
1fa4ca62-3641-4545-a658-92872a216caa,13
ed9b8efe-30f5-4038-a487-24b79e8fb3e1,4
5ab23d47-c55a-4727-98b5-a120d6fa0b48,4
fdd637bf-dab3-4652-919b-f0d881e3267f,9
57efe930-6980-421b-91cc-1d935a2cf64e,2
d7ad3fd3-e712-42c0-8f91-acc0e3af9cc4,15
4b6cb39a-a76c-45ee-8b3d-4b5316b66465,10
441ae0e7-64ae-4563-bc0b-4dfc37279125,2
24ad9a75-f2f3-46bb-87c6-aeaefe8b05a4,0
83ca18ad-0e95-4ab8-afb9-6493c9956af4,9
f7ffec3a-b935-4971-9aca-a5d898a28ad5,13
aa571894-70ca-4504-97e0-e9e2b95223ec,0
5abc214e-a0cc-401f-93ca-1905c384db4c,4
e0b57549-87e6-4f5c-a5ef-adf4093874d2,3
0b4d7664-9dd8-4ee8-b26c-26c995dc7374,4
36496e7b-8bfb-4df0-ba6d-fdd30b847ad7,14
f90c32e8-c12a-412c-932f-0fb861fbd5e5,13
932d9997-948f-47ab-84be-18628fbdab8f,2
9e9cb45b-d8b8-47b0-af4b-c646c5e2f32c,12
24a93e25-734d-46f2-8c37-73f4b693ab71,7
af2c33f4-9a12-498a-9f61-24cacb9869ae,1
b7c4484b-ea53-4bfd-bc97-0382e6de0567,8
16d09141-84d3-482a-b990-a6ef1b06786d,1
2aef53fa-56ff-4f6c-b534-fa5ef14b5d14,3
c75cf028-e745-4042-b7dc-65b6e3654ebf,0
0ec77d39-4262-4d19-b998-8aff9aab62cc,16
f0b35572-a5fa-4186-85a4-bd6e804d572b,4
21f476d3-8570-4a33-ae9a-a2edca233565,5
798881b9-42b6-4564-98e9-d22eeaedd2bf,2
02695382-8320-4312-8f6d-c5884b170393,12
5ab5ded5-ac48-4fe5-8b0f-006ec20003e0,10
67593c82-974d-49ce-9945-a339ec7b54bb,3
c188c9c1-e866-41b0-9eae-090d28465076,4
d5b4b4ea-2298-4275-a980-1856fd5fcfdf,12
714dfa32-5ebb-4b50-9ae6-95ff2dcc4d32,4
317eed42-38ce-4a2d-8220-ec9a7eb0b5e7,11
e27731e9-ee5a-40f8-8c14-ed8a0ca3e89e,6
b048eaa0-b1fe-4bd6-bcf9-db631f5f271a,6
38b5aa17-5f3e-457b-9960-ee41542c1582,12
94526dd0-6c36-4a3f-9aba-dff724fdbff3,12
1b910b9a-6e43-4320-8842-b24ab30c301d,2
8f780658-c928-4ea9-9060-2904e235e255,16
88f1db86-3af1-472b-8522-4bd247f98bb2,14
df8843b6-4b40-4dac-b745-01c59fa2f83a,16
d012f5c7-0507-4a5a-88a9-14b0fde97110,8
ebcfbc18-67fa-4f52-a836-e60981115a77,2
ee50bc26-9b51-44cf-b771-e4139aa6e935,14
1e3a5392-4009-4122-b04b-b1494469ca7c,4
17e54a06-b5e1-4194-9717-49488b1ae01c,2
877f6765-1316-49b2-9d08-e618c0c9997b,6
ec956b01-0703-4973-92bb-4580a0fce1e4,4
8a6d5661-68be-4957-b07e-e990742608f8,9
80282ad0-e3c5-4d4c-9c17-1aaaa87746d2,12
f5d7e7a7-2037-4c9e-86c0-eb5e157d95b1,1
bd984e4e-cc12-432d-a130-7361f28f9551,13
8db5b686-fc27-4cc3-90c2-e074ab05dc3e,14
5b8911fd-d867-416a-9dee-bddab382e6d2,15
93e98180-d9d8-4f45-84cb-f41dcacfa709,1
8841bb44-136a-4c82-8e8f-b45cb5e20003,16
af4fb340-4b00-45b4-b030-2845888ffb58,3
25586c53-9f5b-4093-95e8-5f9a3a9147fb,4
daa1353b-f7bb-4f0a-87a4-a9f482f023e8,9
060b9c24-9ede-4f23-8816-e7d5194145d8,16
319388e0-a123-48e4-9183-a5f706bef07e,16
6baa1b49-5b08-4a68-9ac7-e9d276e6e709,0
a1dfc54e-22fd-4595-bb0f-b8394d2f004c,10
da2ba325-3861-4193-8ad0-c3f2ce9445da,14
679b7395-5bc7-4d13-81d8-900bb92a32b0,1
07658252-e627-457a-89b8-896792e991f8,6
00760d13-b270-4731-9eff-c98e2e2b5034,13
c7247a68-d627-4a62-a80a-c8900f5edea0,13
4cca7217-5193-4945-af94-0d4470d66a3d,12
8817dc9b-fcc2-4088-a816-13d50d40c41a,8
d4accb72-2c80-4de4-98d1-7a85f99f0770,5
db7ac79f-cbca-4595-8171-dd6b5ec01e25,14
ed320e2e-5e07-48bf-bfc3-a7e993d5245f,7
af0fcb50-5272-4f78-a663-af5c9914e2b5,9
9697c37c-e5bf-4498-b8e3-42e7ad394e95,16
9d4ae4d7-01c5-44c2-ba42-a6d3b25d25a8,12
8b169c17-c976-4ba4-bc5d-71b63dc4eeb8,13
51bf8890-2234-439c-98ca-f979d6b2d2e2,9
c5bd2da0-11e4-48a9-bd19-1182ae325808,7
034cf463-0cb0-4cd9-b2a5-24f32d58752b,9
ba857ebe-03d2-41b5-9d6b-6379ca7a3747,15
92ff1ebd-fffd-4c12-889f-4de2caacc942,14
86ea95a8-b19b-41c5-bd6f-2e03c09b576e,14
3a1cc6a9-9134-4780-80d7-da9da15b7d46,6
56d73151-5a34-47e9-8792-3f00256bf3d1,13
9ce895f3-19b0-4e93-99e1-57407f39db4a,7
c04b1fa2-152b-4c7d-840a-65579bfbb67c,13
14b20aba-f1bb-4b28-957c-d58fec94fc58,9
c32059f6-4d76-459b-8e62-d3f3a52aee73,1
a9e03113-77f7-46be-bead-a80abbfb8e01,2
83ab290a-62a4-418f-be7b-100a3b6f73d7,15
4c328dc1-fc21-4ac7-9bed-709b0f7bc666,11
70495cfb-2b5c-4921-9162-4cc98ecd82af,3
7cf18745-92e2-4e79-a79f-493c52fd6604,15
da943a24-06bc-4d68-ba8f-04eeec7c5c16,13
581abb63-76fd-4c93-af39-e7ed161fce5b,12
9c7e9604-dc41-4e57-94a6-77f23fda1f9b,15
503daef9-73eb-47b2-bf28-0cafe332bbde,12
c30850f4-5a09-4316-a1a9-57663840a4a6,6
ad957579-6cea-4731-8f1e-e3ff092d464d,15
554c0a50-0a89-424d-87f6-704cb94056b6,11
c4da95ae-1148-47dc-9ace-380ec66b573a,12
48a91b4e-9589-4eb8-a3e8-9d61a6f387df,4
50b9ff17-79b9-4440-9a4b-d840d23ede57,7
4b624712-b201-4d69-ac6a-b44e0d1bc9dc,12
7c69afc5-285e-45c0-9cab-c96e34c9b81a,16
8aa99df3-fbb2-42bf-9b53-aeee816ba279,0
24ed0cbd-518d-4994-8f90-ec956d590a48,11
f34d5dcd-3fee-4d7a-bfc3-5ad145153770,0
fd92061b-d669-4ace-8c75-3e7937ddcc15,7
59a678f0-186e-4438-8b8a-311418affdc8,14
266f1970-38a9-4cfa-978e-8e159d71a3ee,14
72c5df19-5c5e-4617-87c7-5359ac665ac0,2
58e0fdb0-0398-4849-a804-7ce4cd8b0dd1,8
1e7091e3-bbe0-48b4-88d2-05020362586b,5
8f404770-ad9c-48b8-873a-e5257c5de579,6
b1db9a98-1790-4ad0-9447-0bac404ceec4,10
39b60995-db5f-4681-ae22-42d922e21af1,3
274f28b8-7f81-47dd-b453-a7830254a0a9,6
fb324734-31b0-4c5d-b021-d5f1b50e6e1a,12
da111e03-6c50-4231-bb9f-2e7f772d6b0f,13
fc4b4c48-7675-478b-b596-379b30e2ed50,9
c1635d87-af42-4f1d-a6da-4063f361794e,4
c253597a-bed5-42b0-a101-002d4a728221,12
647a03bb-dd77-4995-9cf0-61f1849f58d1,16
6c8e0a96-b4a1-41d2-8b68-a519702b01d5,14
5a556549-f6df-4bd6-8935-9d35c930c844,7
794d680d-ceba-4fa2-b2e5-5da7c031a672,2
629050b0-19bf-4b2a-b90f-c28f8c00ac39,2
79946653-45ce-45f9-bc52-35f767737208,14
24ddda82-4ad3-484a-a78a-558a1bf3c50b,6
c16c795f-55dd-4b7e-9b3f-baa2ff24a866,9
81776c3a-2e31-481a-afa1-e713bfab786f,0
56c32095-4bbb-4478-a413-0e3be752ad94,3
3e3f3ebd-6f41-4b6d-bb2f-be05f60d7e59,9
ac79e4f0-aff1-4093-8650-adc109d4d28d,10
3abe5f3f-a5b6-4419-9a56-33fd3658eb35,1
64857703-5b83-4966-8905-05fb90fa3daa,10
05f7e5a4-7ba1-4045-99fd-988a0c99cddb,0
b90f7451-c5cb-48cc-968d-b0050e5ba93e,2
f5a21d4e-23ec-46c5-9cc4-3e3871b29c5d,0
df0010f6-be30-4317-b3ba-571de4dc182d,1
5c62c9d0-d33b-4990-8230-980d5f15cc74,13
5ff89425-c8a3-4dd4-b182-62d9e908f7cd,15
33ec5c04-58ce-4d42-b7be-72b894764ea2,5
8d3f4aa0-9e50-4d50-b7b2-a0f1e9dc3f0c,0
dd43ce6f-082b-4db9-b989-544a23255e79,4
d6c67240-91d5-45b8-bc65-110d54651ea7,4
bc268ce0-e417-4a0e-a0d5-d06626b3227c,8
c8970ff7-bef1-4bd2-8dfc-87fd3ff1f57a,1
0607884c-f8cc-4b4a-8924-8c9279e54f58,12
5879f2e6-bcf2-492a-a0f2-eabb58831257,16
9db408d6-7fbf-4d1b-99ca-333447ea26f4,5
99f9422d-3293-469e-a337-f6d0b25b1e9d,9
55108e0d-ba46-4106-999e-d492729c97ce,2
e391409f-a64c-4d4d-b10d-718d35322800,4
563a1e1e-6103-4fc5-8080-df613d959813,9
a9c6fef5-306d-445d-8b7f-22f0727f85f2,6
ed4159f7-7ffa-4eb9-9451-c35b38b40278,10
8ed9b3e3-a2b8-4071-a69f-1e8f66bff4a0,1
4fec93f7-4c50-4599-91d6-04031c402e7f,5
79996927-8535-49d4-ba5a-9d6bab343c4b,11
d6a9d1d6-12c5-4e44-a408-009967171a02,9
6ab0ab25-33e7-4804-ba4d-f63c3dbe1609,15
a6b366d5-ad77-43ea-90ac-4ceef72f309f,13
eecab6cc-96ee-4124-89da-65b2959e7379,10
9ff2c9bb-ec94-4f09-a400-a441370b72f2,9
dd139b6d-d76a-4a75-bca8-d6f10d1e253b,0
6f581005-f515-4df3-b680-2dd3117f41f7,13
a3719f7a-260b-4966-ba61-836889baab44,7
ae84d4a6-c557-4768-b343-b9f8e38bdc77,5
228ade3f-7e71-4b90-beb9-5d17cc8af8aa,6
825b4531-ea49-4b41-9224-7637940ee884,8
9629450b-dca2-44a9-83df-7b259c804114,14
75b94c2c-8ceb-44ae-a4f4-208b01e592a6,12
53364c8f-0b1c-4887-95f6-eaf300cf8ffe,15
dfe9363e-bf99-42e9-82f6-b58e8187bdc5,2
69641c41-9b84-4b5f-ac28-273cc92a6d69,14
8e050669-bbb6-4621-b192-82db11d5e85f,5
4b3d89ed-d40f-4a48-ae82-250e1d21cb81,8
f39f055f-37ec-45bb-a626-d7fd4bce8a1d,7
aa8b183f-943d-4444-a0cc-4e750c3ae013,11
5b7d8214-adc7-4c1f-a7ec-e055313a172b,14
d15df88b-c2c4-438f-b342-a08454aee829,6
e11717c2-686b-44b0-a535-df02c62d5835,10
1fcd1193-5c0a-4bcc-911d-96e86cc2edca,2
9a4535f9-80f4-496a-86c9-371788133233,15
c67a960d-a1ff-4839-bc35-f16d4a1e797c,15
c12f53c5-eaf9-4c0b-8c03-f26ab7c8b1bd,14
e1adceb9-7bf4-4dbf-b876-60ee23753f71,15
ba22e2c4-4930-439f-9484-3026aa239baa,16
4b6d1047-8126-4761-a70c-bb9b1c386d79,10
1c80ffab-5483-45d2-99c7-e927e88b7236,2
89a9410e-5bfb-4818-8a29-67ba970fd7e6,2
8470234b-c603-48cd-8c3f-50e859f742be,16
7b09ad75-491a-4472-a8af-6532bacd45b9,6
d1f7ab60-53fb-47d1-ad1e-31b89a483828,2
d84fe149-f4c2-4210-b91a-6b73909b5b25,13
56d8f86c-41b6-443c-b723-a381decaab0d,13
b50b0192-e20a-4046-99ba-3646f06b990d,4
9d765355-3996-4c30-9be8-a97d4a09011c,12
1f55ab27-4bb5-4c1b-ac6f-b4167046c17d,3
b5290c26-4e13-4112-af57-4f24de81cf4b,9
03b412b8-0a9f-4f46-a767-b33cfbaa0578,3
56d0a08b-8dc1-429b-a76d-3aa6554ac292,0
7acc46b0-4212-41a7-8573-0eb104ce0fe6,16
98db50e0-fee9-43bc-8b7e-96f27becd3a0,3
27f3e863-7ab3-4087-bb96-840649f7f2e3,12
ab144e76-d9f0-443d-a84f-6b9abc7d2d24,11
c2667069-3355-40ec-be19-68df390314dc,6
4e98a5c0-e165-4977-962c-427904e108d1,6
d8126c66-30f5-4f78-8fc1-49259ff184b8,6
c3c24484-a7e4-40e4-9771-f34a91155b08,10
b07c6115-580b-493d-b158-d1b7e310ab7c,14
772a7eb9-f087-4f08-84cc-c74f68b4b924,13
d83a8cc9-d1c8-41dd-b765-09a5d6e7c086,9
7ca373ac-a122-4cdf-ac48-b3fe40c9dd84,14
5f3c517d-b813-4e04-be55-4786174d51fb,14
8af0ea4d-9a20-4cf9-96ae-75913af1091e,13
9f96e14c-8fe6-43cb-9f6e-24c137d1c5b0,7
60f4fe64-8f8f-498c-8826-f79effdf95f7,12
44f5186a-17bc-4cc6-b5d6-4c16f56c2dda,5
76ff341a-326c-46cc-80d0-6e5fc4af022c,15
92bcb15c-961e-479d-9a4a-bd685508d526,16
671b8348-e614-4173-984d-4d40812f4f71,11
1d4769f7-e085-4773-a4c0-84a09eb40073,6
f2d19559-2fbb-4b32-80d6-45048daeb2fc,3
60c0c611-8461-4f8b-8277-944642d44b2b,14
0f5d861c-5a10-4e4c-b34a-c2bdf936c43a,12
c60835aa-49e4-4171-8855-59b9535726fa,14
cb3c47e4-d13a-4b84-9c6c-1e0ac47e1a0c,8
205ea27a-4a3e-42ef-ac73-b892e298804b,7
dc4a983f-5a5d-442d-877e-aaa2967800eb,14
3ffb9992-3965-4fa3-853d-a42423aa653d,13
068b43dc-f5f5-401d-932b-5c06361e2f47,16
956d293b-9dbc-4ecc-b3fc-aa547483ab97,11
856055ef-c03d-48ae-8e22-8c0906a2e731,4
ee1cd920-5973-4695-bb04-5b802ccfc18a,14
458b806b-1001-4125-84b3-60587130afbf,2
20728c5a-c4e3-4101-853a-6a98a9027b03,11
6fe87f5a-bf3f-4a1a-87c0-10eea8dfec74,4
84818a45-ebe7-4a0a-8782-02efa76e55a0,8
071e2efc-ce02-4f0b-908a-ec3153a43a34,0
46cd93fd-42c0-4e96-a7d2-12ba219cd4fb,9
448f2f41-bf05-41dd-85d8-dc62a8ca7507,9
53a1724e-94dc-424a-ab23-3a4f154b9b2a,2
b7e4c7d8-f7ae-4a53-b7d6-f807d4854471,15
ad6b5912-a284-4ade-ad30-07bf9970bd2c,12
d74fa451-8fa7-40b5-9843-173945cc8a2c,14
246fe2f2-20b2-426d-b99e-6713d0d6cbf4,2
460fbb3e-fddd-4d30-8c91-d1113a4d770f,2
ae098b15-ef17-409e-951e-d82be3aeef80,14
a96145a7-0777-4db5-b037-010a6d63d752,5
9832b6b3-bff9-422e-aeb3-012ab77e5764,13
f41b2851-f36f-42b2-9c7f-79e879ae12de,2
9401fc48-d639-41d0-afe7-73a6278123d5,3
9525b339-aea9-4e9f-bed0-6eaa23c337e6,9
67b5b9cf-7b2f-411e-ab45-228791a21f49,14
a7c9dcce-1b04-4ac6-a5f8-0097d3fb4ca7,10
dc5b359d-0622-489c-b2cd-5db1665bee6a,12
4d444af3-6f7e-4f4f-8b52-3ef8ac68d8a5,13
a132b43b-3dd8-40f6-a614-d189be2fc84b,9
9309d6c5-bef9-409d-b480-c8920dff9cf3,10
d88eea34-3ac8-46a3-bc39-cdd321ececad,1
d9a83868-978c-4469-ad64-55022096030b,7
3fa850ec-636b-4591-a64a-4c14d813cdd7,4
8a19c5ff-723f-4405-83e5-ed044d407981,14
6b8b0159-8716-4143-9e5f-01a0db177ba0,16
657bd267-11f2-4b10-9868-2d70025af01b,13
3cf5cb8d-02c7-4ce1-bc83-1f2be394df60,2
3aba18dd-9d73-478b-a632-7ff562dbe869,6
5987ce01-7413-4c48-94d1-a3d99272b8c5,0
1aa8daf3-424d-41c7-997c-98bd5047c853,4
71dc59a1-20fa-433a-adb3-f114facb9bc9,7
046a67e7-8aae-4b03-b8b9-6a8d7bba8de5,12
a20967ca-851e-4cd5-b5a9-57e6d2a1272a,0
5c793575-731b-4517-ac33-c882c10376a9,5
858dacdf-f33a-4895-9440-9f04eba0cb1a,1
108882fb-402e-4b73-a28a-39d007a4ff19,0
98db5d40-ecc5-4d4d-978d-e6303f0eff62,16
9f3e6a56-221a-4ea5-bc82-c7beede6f1e1,14
31f7a153-2d67-4ae2-a3bd-25d93983690c,9
ae9b9db9-19ff-4c90-9036-2269370018c6,16
65022709-c3e8-46ad-9b2c-e0a5e7099ff3,10
5189ba1d-281d-481a-bb1b-d7a8bc3d0b34,9
cbe69b9f-5f3b-4cb8-9565-8a437647a164,5
1fad0d98-51bb-42a3-9dc2-91e22fdcbeae,5
4a4acad2-8cfe-4aa9-a3b7-82e219970c8f,13
ba044c06-bc92-41e7-b77f-839e52045af6,9
75d7a754-ab63-496c-b30d-03a32e50a5d6,10
898f1d51-8f92-4091-a1b8-c7500ccadc9d,10
83442d5c-0706-4d38-b4ab-a28cf9e3262e,16
7e92965f-0f93-4d60-b951-a8e86f0245d5,7
07a7a592-9102-4413-af72-f17f4f09679d,2
25469d0d-2a67-469e-a4c6-dda4c3bf93ec,3
b20ef83d-1267-4db2-8381-e1f448d44ac7,0
eef56562-59f8-4649-a4cd-aaf9078655f2,7
5110b981-f324-4314-9ecb-7746c6e67d0e,3
92d58646-17f2-4178-a169-2810ecdd2cf4,6
932185b0-42cd-49f4-bfee-e5ca18fdcdba,0
42896569-f884-46cb-8b6c-02d241dd1d65,0
cd40c084-d15c-42d5-81d1-a1105149a6a8,4
a34c8856-7b15-4c80-845d-c69d6a9bdf7b,6
fe740b63-f8e0-45fa-a511-eff885a0bc6c,6
aa7ff032-e332-4685-bbcb-4e58169c5930,14
05b2b42b-46f5-4bf5-bddd-81c72b822ae6,1
9fd1f0ea-6f2e-48f8-9176-873290cc05bb,10
85518b5f-a737-4eed-b1d1-065ff83d2008,12
020926d6-9443-4a3d-b5d9-f5beb2a3bca7,14
c8af75ab-7fe9-42c4-9319-c269a32f57e1,9
816c0d3d-09bb-4186-85f9-f0081e6b7372,6
efe52d99-1dba-40d7-9068-9d7a1918821e,11
b8d2cd67-5758-4b6a-af05-65b310775348,7
1abe59b0-2196-462f-8f86-c9fe489d28b5,7
113b7d1c-b9ef-4447-9107-98274ccea641,5
4aef9a6a-d5af-4e31-af8a-983f12974553,16
41a61950-4d6b-466b-97ca-7612a0287407,16
907703e6-2200-4d4d-835b-191df71c12f8,11
7d5da829-5cea-442a-8f59-084e6121299e,13
74b4d7e4-b3fc-47d7-8879-1cf5e337b8a6,10
5ca1cc22-b08a-4743-8106-e1ff135b584f,10
5633161c-fb86-4c39-9d40-b0b27a29a1d6,6
c832c104-2a0d-42c0-acb5-eb89485272cc,10
b0b2ca98-2e49-402f-95e0-6e435c9ec971,15
f5314bf2-d3f2-45b4-8d55-9b9fa8aa8611,14
b8646aa0-1c7b-4be5-b5cc-773f36cbab75,16
9b0a78d3-bb60-4d20-8fc4-4b07c9d7e941,15
8716da44-d341-42ec-9b4f-fc13267fc12d,15
28b449d1-b2a4-4052-be36-8f470d7bdefb,0
f570c4f0-d27f-469e-a076-9ffceebb12b8,4
4fdc7078-f6b4-4507-bfb7-272d2888ece2,7
90ff1e20-5323-4011-95d9-2721a542f78b,4
cf8bf1e6-3b58-4862-8d97-d380dfc758e7,0
07aef8e8-04e3-4585-99dd-0bbb468b50d8,6
5669d480-187b-4739-99f9-46f88e7814dc,10
6c257942-e08a-4121-8a1a-7387652e3a9f,0
06032bcb-8aab-47e5-9986-c5807a8b0eb3,15
4a74db31-f827-4f57-9676-70e6239693d6,13
d2ca71df-79d7-4004-93b5-7c430754cceb,9
7eb3f378-9bfe-407c-9735-69d057ea74bf,9
8f0095f8-3a31-4b59-9945-60de0f958e17,5
3eba1f51-2f62-4e80-a5fc-6f4442b37861,5
65c33b80-54bf-4ed5-b4af-ce1ffd701aa2,4
f51af2a8-1f94-4b4e-8588-67a034fc43f1,8
6099147d-964e-4fe5-b7d8-a60e293c929a,4
0d9aa53a-0d4a-44f9-bbec-49f2ef6afe90,5
5b1f381d-a299-4837-b7dc-bf24aca26f27,13
8d87d8f7-9a3f-4dc5-8840-a5c04192ee13,13
3d38ff85-13ff-456e-9f49-d8f712710ba4,16
4eb6b000-6d88-4f13-b892-61ef88ecbaae,8
cb88f58e-0e06-46e0-9822-8fe504602599,3
00987ec7-faa1-46b3-81d0-222015108a4b,2
4b181282-4d98-45e7-a1af-a7f13c12278a,5
b16f1939-1673-4834-b31d-a44ad9ad52b4,9
8871040a-746a-450b-b01b-79152f217ab6,3
8af2daa6-b567-4623-a8c0-8b908863b682,7
124b5238-7491-41ba-8122-5ae522f356ef,16
960ba656-a2d3-460a-94e0-641183a53995,0
b47d976e-505c-4cfd-85e5-eed498b5b674,4
c74ae4d5-96a2-4d8a-bbc3-9a5ec7d8d94d,2
8465b0cd-19fd-4d51-a7f8-480228953001,13
1e63029f-42ba-4be7-ae10-9839385b1dd4,12
f8ef68c9-6732-4a0a-9fa2-f8db53b41315,1
6fa632ee-7677-42b8-908e-3b2a1cdd05d2,3
2f51ff74-a218-4cd1-943d-22a9f72bb7ab,16
f6d7e7c2-c81f-4d2d-b2b8-31cfb2134ac2,7
1e15ba27-9cfd-4f35-9669-f8dc3bc2ff99,9
fe5a0618-d9d1-452b-b2dd-62bee8ee3275,9
b6344735-f227-428b-b6a2-adb2c530f5fb,8
3dc29633-00fa-4630-b6f4-ed5711a8aebc,12
6e6444dd-c249-4662-b414-7cbd5cf5e678,6
5f7e13fd-0884-4cbf-ad8c-104c3ce49869,4
2eac16ef-0d85-4cbf-a175-03a0fc5e0225,4
74df42fc-9849-44b1-a534-bffc3acb6b03,9
53867abd-87dc-4f14-a5a9-b5c32c63ae87,3
4eaee9c7-840d-488f-956a-fdfaa5180ce9,8
17ca121b-0c05-4107-a149-3f0801f98354,8
872dedfc-afc4-40ab-92b6-ac990b9eb7b2,3
56ce29e5-4d90-4f9b-bd03-6bb86da1893a,5
7e7455f3-e9a7-4cbc-b548-ad132ef19008,9
c7b0491b-21ea-4f67-8fc4-bd47515030e4,9
b3fb64b6-0c0a-490b-9219-6e3c5de74c63,4
42a73884-c305-4ab3-b95d-1792893ec426,14
362dae36-82d4-4f41-a0fc-3ff239f87f11,14
ccabbe5f-1648-4e0a-82aa-d7b6df01bbe5,6
2311e8de-f0ac-42af-b10a-4f4abec8d90e,15
6af920c6-f9e2-4c67-a957-e7f62ed073c6,9
ca12abb7-fe37-4293-8a88-fe7ff3a5f58d,8
f1e3b19c-3a44-4f8e-af00-053331fde1aa,11
38470068-9af9-4e11-b954-66440a161cf2,10
136e85c6-f565-4699-a215-67c9c0e157c3,5
b72b447b-6dbe-4388-860d-fefcc63dc82f,1
7e1f8557-f72f-470e-bf1a-5712487a3ced,11
a279693b-cef0-4393-8fb7-01f7b1c68bc7,10
e11e5fc8-6303-4970-af27-e6cd5ce6805c,3
93972926-b92f-4d59-99ac-a143144f66a9,11
95c4af74-b7f1-4c54-b263-0a4a070220f7,15
cce437bc-104e-4d9c-b041-2bc6fb4f9e36,4
dab1f589-6801-4cda-bb4d-034ef5140971,11
a9e36531-b9b8-4e11-955e-ce3ea3093b4e,12
cd0a37f6-a4bd-4c22-8a35-74715b4d484b,13
e358aa63-c5c3-4441-9e9b-4347be956fd1,1
a8589227-419c-4d8f-8940-e521703b8f49,11
d8253d61-4740-4276-ab95-2a12a603a438,9
94785fbc-a2c1-4924-9e30-5ab5f2367c05,0
50bc372f-0d5d-4ce8-b33f-4e572a7e6713,13
31f2e483-7163-4d22-b3a4-904ca0b9cb26,15
39e78b9f-ad66-490f-bb2c-5cb4578d7610,9
817973f3-0a0b-4e63-9e9e-7d1318e125ca,11
875a39b0-24ac-493f-8069-2dc397f9fba6,2
906715f8-7d42-43fe-b4d9-257ccac6b254,7
9d7a8dde-a5ea-43bd-b67d-2b5006834329,5
ce877514-75c4-4388-9069-8911b39fcc22,0
d4f30e27-3513-4a9a-be88-0fa65a162cfc,11
10932b31-fe71-484f-b9f4-8069fd93e995,8
81f348ce-a0f7-45c6-8227-9b93afaa5ed5,1
e7f2f1a7-7735-490c-9934-2e94def7d8ef,11
b813807a-c048-44d7-926e-bc7b75a47b74,6
f757b27a-2c79-42a6-bba9-924bb5aec009,7
67391441-e94b-4598-8f4e-0fb0b93d6e6f,12
442e5a89-6756-4fd1-9352-fc73f65e224d,11
a2d57f38-1016-4827-bbe4-673ab6bbccb5,0
c4b77b33-49c8-4d08-9d28-92963bbc0960,6
86a38cd0-5389-45d3-b243-f3664cf70fdd,10
17eebc46-5f01-4783-95ec-3ba2b381f0f6,16
cee102db-c5df-4f47-973f-11be7f8315ec,9
9f0545e7-3c72-4a25-9488-8bc67693bb12,3
f9a36cf3-a6fc-4cd9-a63d-39ec6c5192fb,9
24003b79-f2d8-486d-9466-5dfe51761e27,9
da3a9609-8b99-4c0f-a112-94121766447a,13
728118cc-b595-48e3-b8dd-a607575e45a5,6
44724715-46fc-4686-9530-677cbcdbc71c,13
696bd7a0-7955-4af9-80ee-184730e3abbc,9
1c6db485-028d-4972-981d-5145d2b4370c,10
ab2a2ca4-a185-4e35-9b76-4b362af765a1,4
4bee8f89-f0a9-4f93-844b-a5d86f7eb913,2
a4b852a0-f9a5-44a8-a16a-74fe812ea21f,13
1703a36a-6102-43ff-89d3-5ef64750efc3,3
0bfe3154-7e86-4f5c-bca6-92dd521205ee,4
267ad9aa-c886-4d86-9b77-ae0f0a750c1a,6
16c93054-a002-42fa-8745-4d05d06c158e,6
fa933145-d16c-4ea5-ae35-e6822f14b3d1,9
438b8071-6350-47ba-924e-dba9afc297ae,3
efbeeb7e-8c6a-4827-9f2a-a2165695d424,10
27cf6a26-2396-425e-9fe4-d7af2533b038,7
f018e3da-0eb7-48a7-9000-b101d5953e48,14
d9064747-fa1f-469a-99ae-d4760632c805,1
717c0b96-6670-438f-9c59-0c6f3bb0b9e3,3
ec78218c-0b41-469c-ab4b-2d70424aa995,7
9053fedb-14d4-448a-ae6c-150ed3f7da23,3
a7ca25ce-01b8-4853-b2d2-a6d4590511b0,15
9202d204-a174-4bd0-b5e5-95d371fc3417,6
93f2db9c-193d-4617-ab66-aaa3234b5172,13
738de254-032f-4bd4-9400-69570c0e026e,7
e30d8302-7c7d-4ede-9eab-6423733d1400,9
e03d93e8-d833-4598-99d4-79a2592fdc80,8
3e827c57-76cc-418d-b749-e4ae65370fd2,15
3f201e07-8187-4c13-88f2-41693d769189,3
57813e28-ad25-4ecd-a108-89d0ae05e392,8
8014f45a-cdbe-4c57-b554-02bd39f4dc64,6
03c0d445-c6b4-4a86-835f-df6bd3fdfca9,9
51942330-b0cc-4958-a9a9-e21cdd7358ed,15
c7666dd7-94f1-4461-b611-a4a6732e0c73,8
7f2cc1aa-4d44-47d6-919a-1314e6a9ba1b,7
e3466451-3b5b-4378-ae67-ec0869e9bdf9,6
933b0849-b065-4e0b-8475-44a61870e7a8,8
252f769e-cb55-4795-90cd-4b3cbfd46911,11
ce8b7080-a633-41d2-8339-0e8d3fd40dad,9
d45b88a6-89cf-41a6-b901-96132ccb4fd9,4
2006dee5-197b-4831-bca4-963e2af8385f,8
87d53e27-b86c-4fb1-b147-65ca243c6902,3
00b8580c-2bec-45a2-96fe-56ea5ee616c2,1
38bc4ec8-1c93-42e5-9ace-8e408f8c0e05,13
822e833d-423e-4e13-a1c6-094eaac59bb0,12
5a3186c7-13fe-4a4e-9b65-79c9fcb19ceb,2
3b64081a-cc9a-410b-870d-663f358cdbbb,10
b27a0078-5df2-4f0a-8d02-8eb651ca1da0,2
f6e0d990-ba4d-4b99-9880-ecc287c69ee0,14
aaa44ec7-f687-4cf0-9080-ad14e937a09a,15
e3c9adec-8f45-40bb-a2f3-2a7aed7914f3,3
863e477c-f10b-4b3b-9982-6aa0c9a26cf7,1
13bdffec-b5d6-4389-971a-aa59abcff756,7
06f50dd2-a2d9-4151-aa4f-f6c884a72e32,16
26984462-a6de-47d1-9cf5-c7455b598927,10
a62acec7-d817-4703-9806-1478f6b7eec5,11
8cd93ff4-9630-4ad9-a737-6d362d3b75fb,1
aaa042d5-3542-4f75-8bdf-15c73ab4aa6c,12
145aa2b2-5595-4d1f-849a-6f7b0fade1af,16
f2248139-5994-426a-b03d-adbc7267b1ab,0
d0a24295-0c1f-4af2-a2f0-eba5e628570d,6
abe0b19e-cdbc-4f05-88b3-a8cefdd42642,12
d0a3aa97-c4d4-431e-9a29-7dc94188d4ce,15
5e466e5c-46cf-450a-ae2d-e71bae74dc24,14
340d54c0-d352-4bca-af59-aeaf28709af0,10
a4c99fcb-bf83-4ab3-bf27-67fcc951b85d,8
2e8b9a96-b224-41ea-ba8e-dbd79b78de5a,8
94f2c03b-77b8-4cd7-bc77-80ba1c1dbd18,5
2e30d0af-94f9-4612-80e3-72faddc47b10,10
2b483561-4eef-4b5a-8021-b69bfa0302f5,0
e0806c6e-23fa-41c0-b9ff-14aaa606a1e2,6
98e0a4cb-0935-46b1-bfd0-9760b2b21122,7
018ce59c-057b-46e6-9789-95292f6e245d,7
f3b831d8-49dc-401a-98da-f11b3867b6e8,8
c10aa248-3adb-458c-86b1-a8489b0b127e,0
16e5f7ea-8852-4bbe-b4a6-9b3516bf29a5,7
1303b85f-81f8-4ac9-bd77-25bc5e7ea49d,13
c6f06a8f-60a9-427a-a347-9db77bd7c09e,8
e049d0e4-88c3-44d8-aae0-9e1cf2e644b3,3
5399f5b0-7223-4083-8820-f49cc7bce70f,2
62e080ab-bb07-4f71-beaf-ee0b9702a5ae,5
62dfbc8e-0f42-4a11-a43e-d652de2c27b4,5
bdced940-cb08-467c-88b2-2f8aafe85883,14
86fa6b8f-5a9c-44bb-b3c8-5547b42e1c1a,2
f875d613-b5a7-4584-b145-f31f35470296,0
d76aac87-1666-4a75-9ac1-2473220d1771,9
a18dc46f-8ad8-4a8e-9b72-b2184ea1f96d,14
9c3edd18-f85c-453c-a28c-8d94e1e998b4,15
65dde822-01ba-4fb9-b0d2-782e0bcd0bbf,0
eec8d33a-c95c-4fd1-bbab-6d7e3d7b0ad6,16
b762a031-cf5b-4d9e-9d65-1966e69c90c3,8
03e49738-cdbf-4dd4-b278-86310f62957a,16
a3c09b30-f1cb-4d42-9672-57cee3797cac,13
9fc23278-4ad6-45c4-8162-53e89af74da8,3
1ff7e4fb-79d5-49fc-8117-cca128b4f2d2,3
a9bc2b47-5459-474d-af79-0f99e53d8aa0,11
1500e047-42bb-425a-9d0e-09d1fb233813,10
b7d5c33f-62f8-4249-aa1b-6f0a503df931,4
82821824-09bd-461a-a3ec-e40dd0474988,9
9976ccf6-3f91-49cc-856b-81398acffa98,2
3c684f78-3cc8-44e4-9557-f0015b8f0b8a,11
d9f46f14-bf17-4d26-8431-05d4ca7bbf04,10
66c22124-6875-42b0-a093-eeb3230257ba,0
ca999bc4-834b-4f9e-82a0-161c021b6d06,13
cf2bd87f-6fe4-491f-8741-23360c6d4b41,1
9743a98c-2029-4a8a-b928-d34d445694ea,5
eb4910f3-e646-491b-aff2-68855f2429b2,8
0b34f4bc-bd9a-4287-8ab1-7f0bd8ae6532,7
50e18fa8-ab6d-438e-acd3-497b48fd20c7,0
3e53fdfc-a6d9-4b60-b06f-691659e1b5ef,7
22782e94-57f0-4e7b-b972-f628ffbae3ec,15
a580eaf5-3ab0-459e-af66-89347181fb8a,10
13d9c61d-bafe-4a9b-8385-82ce3942d572,11
105ddfe2-11f7-419c-897f-31de9d57ac92,9
5aa7f249-3b36-48ca-8a96-7f34eac2db94,8
c9f1d495-870e-4b9a-86d6-aac8173ee0f6,14
b2933885-fc89-4b46-9615-f852a116564e,11
e694fa93-2a0a-48a4-93e7-11ff2f6f5280,9
f23af231-f3b2-4801-90d8-3db08e0557f7,12
7e89f53c-53fa-4869-bf64-3e602968548a,12
24f1b150-5389-4bae-a8ac-5f0273775a58,4
3f6beb00-1faf-47a4-a5f9-81ebaab6e4a7,7
599df68f-3c4d-4eda-b6ce-9cc1d0c66583,0
bf9d8bdc-34e3-4088-b269-efca6adce345,3
926bbd72-ab9e-4b46-b768-a79eee95f57d,7
069ef9c7-d01a-4602-b7ce-3da5976b3717,6
de0444c8-3450-484b-8d18-1c716a898fc6,10
305ca998-5a41-44a0-832c-e3a16581e838,1
0e194c4c-4035-418a-836c-a59e415d2174,13
5cc033da-22d3-4df3-9f6e-32d21cec897c,16
33b6a994-048b-475e-89aa-c588e6833374,8
0cbfc3af-d557-4f45-9f3f-33318e4435ff,14
415cdd49-1380-42ae-bd39-96389c2f0ca6,2
c4f19fb7-261e-4ad8-8b11-d80b1aa114c6,6
b61ac917-6583-4789-a40a-750ff8ac5a97,9
71f1c9ad-9997-4237-a3f5-2bc24913ed9c,0
dd29a9c1-eb62-4048-86aa-0c2dc39f040f,3
9b811276-9151-45c6-8cb8-64d21d3d829f,16
758d9919-6f9e-4821-b735-bf0ef9ef1f1a,0
18970d61-7e15-43d7-adb5-8ab2b2d0d3ee,13
a3f598e3-9a6a-4e60-80c5-a4ebceafe36a,4
a09a139c-6917-4bbc-b5d3-6fea74909978,14
83ccc9f6-e47a-4711-a173-1d98fd90e736,10
44666c17-d028-4f7d-a112-324598c794e6,16
0cd1f7e3-8569-4975-820a-e1c47fa696b1,13
c85078ed-d482-4bd8-a236-5576c7d5e134,4
c4139b83-814f-488a-bbe3-9b440b5424ae,15
bf544851-4f62-485c-95ea-a4945cbe38c5,8
6119839f-f070-46e0-b5e2-03470ead39ef,2
70d14dd5-aa2e-4cae-9262-45aa0cff5257,1
b2f2ef1e-eb98-4fc1-8541-18b2539d2506,11
880ceb46-1962-4a23-a944-1d8bcdcf09ef,5
7e6d3e9f-bfe9-4b6d-b528-b20e82ad4d74,3
3ea52443-e98f-40b6-9fd8-92b12221848e,3
875a7b0c-e86e-469e-b588-5a861c9557ee,12
a298c219-a514-4798-9be4-4a5dcd869a1e,7
9a87333c-b215-4423-a75d-c9db5bfa1b8a,6
f394986f-ae83-4fd0-affb-8d4c81b744a2,3
006fbdd8-c752-4631-b8bb-eeae4fd7137c,0
b4c69379-c06a-42cb-bae2-98c46fbe3ab9,10
573ad6f0-feef-49de-ba80-763a01fc510b,1
66016de5-8dd1-4bc1-bd1b-8197a35eb4ac,13
e5bcd8f3-c174-43a4-bb98-8eb97673bdbb,12
6a54c929-b1b3-4628-b515-33322e11d5c6,5
b6ac5db3-82df-4028-b881-ecb0b8a342d6,14
d6645dce-86a2-4532-822e-cd0c9b72c8a5,7
584c22ec-8d71-41d5-a866-c7063335d29a,14
429013bc-609d-4ba3-a0da-9dc04fd583bc,7
51850e39-2a75-4ec9-8203-d75b866436f2,15
3f63e35b-7df0-4a89-9298-828d0b1c6da1,4
6cb3ec1f-42d5-41c6-9d6b-b9bb8c37d0da,3
bfd7658e-29b7-49b3-bbce-08541df52574,7
9df5f218-0b82-44bf-9d5a-84ba631cc1fe,4
43125c5a-2904-4ce0-b036-fbc03c5786b2,5
0a758795-edbc-4280-81a9-6614d15bd2da,11
ea3ac6fa-1ee2-4eae-8260-27461795224f,2
fddbc9d6-37a3-4709-b677-4be20532baf7,16
3a65faad-945f-4313-be7d-125d141844eb,8
8be9a1d8-d0a7-464d-b292-4bc098dbf2b2,6
eb9675b8-238a-4657-ae34-4a467410dcbb,15
f878bc1f-30ef-495f-ac6b-9926ead827ba,1
d1aa1e0a-e2c3-447d-89b2-5b11d7074d8f,11
5be82c6d-e7a8-4666-8333-5fe5c6b1e12d,3
795557b1-fb25-403c-a910-94827b06cff8,10
e0ded0fb-5bf7-4257-96ed-00abd3944d26,7
59c3c858-5395-4d98-96bc-5e5f80c45cab,5
9ac07cd3-eeb4-4e93-a900-311967b0a654,8
a2dea940-c1e2-43f1-8bf8-3ab48d6f6df7,4
cbb09509-ad19-4233-ac0d-452779c033e6,13
1638b827-bde8-4bd9-b754-07789c19b90b,4
7c9607cf-9bfa-4e90-b495-5ad7f3296f58,12
f03b85fe-b8ee-4c96-86e5-2c07ff04cc75,1
0ecf613f-b1cc-478e-b077-cfd714208b04,4
2764a127-1150-4bc3-86e5-054f22a0c2ba,8
bfe75be7-6870-4695-95a9-276960c50fc8,3
251e0048-b2ff-4d75-8038-2819ec4ba7d7,14
38f53c8c-d9b5-45fa-a922-5decb501f95c,8
33bb38f6-0573-4733-9159-9931888d714c,1
4f5cf193-7d83-4091-b451-4f5ae21c22bc,3
2f80d303-6a97-4312-838e-c036f1132999,12
e5418b9f-589b-47b7-9692-3ba2ae2b53a2,1
f4e74b3c-19ee-4221-9e03-d6f172edd372,9
c68e59b9-32ac-4995-b9ed-6f07c3b33197,4
9145cd44-5e0c-4fdd-a979-968c437975be,6
43be20ff-e4b9-413d-830a-803330e3f4f5,1
08340be6-a204-4f20-bf02-923e7ee1f7f0,2
9e07227a-8087-4d86-865f-1d996fc8f538,2
9c7dfdb5-3947-4583-9693-b762e95072a1,8
4e1f0aba-d892-4760-8703-ed5ca36ad8e6,14
fd29cb59-54a2-4f5c-af6f-4d4d01f6202e,2
d5d8e68c-738e-497d-a85c-1626182b6d86,0
e22fdbcd-914e-4f1f-863a-48a522a74b13,3
666a4b14-0158-4af3-a66d-0b4b717c320b,14
99aa6ffd-d38a-4153-88b1-d9f20f2de952,8
a6e439cc-587a-42c7-9279-93d3229d7a36,15
ef05cba8-0a08-415d-b91a-99f5c9706092,13
bdeea452-f4ad-4372-9b85-c29643877052,9
766c1b08-50e2-417b-aac5-add9ce5e182e,0
cc3ee332-cb7a-4d84-b58c-f12329fefa4b,11
e06f78cd-26e7-4896-8171-c972856b1063,2
046b191e-1729-4bc6-8135-9f8c02aa4868,3
d8bd6c65-dc19-4db4-9ac7-0c6596e86349,10
e2391b28-e981-4f6a-8b30-b32750f50313,1
79a5ac78-f223-423f-8198-ef2211fb041d,9
8a3640e2-fed7-4d5c-9d0f-5b486b2fa861,5
dc3d345d-6932-45ae-8db4-9969b8a8e4d0,6
62e3ac28-3e09-4055-b273-3cce6fd657ed,5
d4ca9b03-e78b-4dfe-abb6-6962b1486cfe,2
40b05656-3690-4891-8b66-732e1a40ab7a,10
d8b4513c-80a8-4c94-bdd6-511b85803f1f,15
f704b0d3-7780-4fd4-bc52-c5adce72ebf4,16
aae4e2c5-5566-4fe5-a0bc-766f31c9f61c,13
4dbd77ec-5956-4ebe-ad10-fb8d7bd1d39c,1
fc7db7b3-d7d0-409c-be7b-948c920f3bd4,12
82469af7-b900-4c7b-96e1-813ad03b06a9,9
19740d3d-7546-4672-aab2-889a6c898789,7
42eaf9d1-9352-4004-8d25-591fbb50295f,6
3856cc5d-9ee2-4146-a7df-3d1c6dbff5c9,7
0f520f4c-c70b-4e19-ba51-0ea0ac43a5e4,7
31fc76dc-e4ad-417f-b302-d0ff99ea22e9,0
09588c41-5183-431c-9cd7-a951fa86b0b6,4
611c0efe-5470-45b0-9ad0-3b39fb28a576,10
34bd5a61-5592-4b31-aaa6-7b8d1323ffc5,15
e288f0a8-94f9-440f-a5a8-516fa5c58573,0
72f6bb45-3162-409a-8da6-2944793cb07f,6
881d7db6-74b2-4a66-ab7c-7a753b4da5d0,2
1e24e381-104a-49f1-b356-5916b460e723,4
203d64f0-7f77-4d29-a2fb-da29dfad8d41,4
561c118a-d8d4-4f90-b578-ddd9608ee37d,2
d5f19ba5-bc36-4da1-8d9d-d5679fa5fd5a,16
b54b4834-24d3-4f4d-a61d-7eecf6feca76,8
38478b33-cceb-4543-93f1-772a94819427,3
89159543-103d-43a2-859f-48e7d1d6fbe1,2
6b002ad2-2530-413c-9e87-aafb5f1dce8e,11
116f536d-e291-4f87-aa58-d797c0ccbd2a,15
da010cb2-357e-44d1-9d65-d7020b0d3b61,12
7830278c-e700-4555-a41e-8c7bd06127cf,15
7dd57e13-1cb1-426f-9c25-6ec462ea287d,10
58e5bfa8-d1e0-42da-9d82-5909cb515cc4,7
0af21e1e-e4ed-49a8-80a6-ecf0c1bfdfab,14
a3a9c550-139e-4a91-bb02-403bf2967953,12
640658a1-48de-456d-bc10-a283015a319d,11
de05dd58-12a0-416e-8b64-914028f248d1,9
41363eee-e245-4c75-8287-e89af6fdc628,4
4073f565-e822-4666-9aad-d941e301c4fd,13
0a2d98fc-daf4-450b-93b4-b758d002b33c,16
11f489c7-b4fa-4c3e-8906-d6c6f7f97f5d,15
1695b008-8908-4ad3-9b9e-f18ed4ab9207,8
2424de74-000d-454b-95fb-14a9f64f3d11,16
e697a1c1-94ca-47b1-80a2-eb79044448fb,11
50ca29ec-aa6f-4bb6-987a-24e4fc6e6ec4,3
e3ca5cc1-d668-40ca-ad64-db04d62ce4a7,6
1d841465-77b1-4d3c-a3c6-f6a78c69bd03,16
a1ec3684-5ea3-4abc-a233-a45827e4a2f2,14
cd516b6d-0598-4e49-b03d-e6d203766c6e,7
21d27428-18d9-4a4e-bb11-81f3e490b393,6
567cefca-f368-4d61-80b6-d46ced621d13,4
6f3541c0-584c-493c-948d-7b8ecd1f17f9,11
3b88c411-7cd9-4806-8de6-2306b339d354,13
bb550633-d4ad-42de-bab0-4bb10e335e8a,13
fe4ef669-28c8-48d1-bb6f-90319184be66,2
1fd07676-2297-4dc0-a347-9cceea0a4837,9
25ebee89-b77a-41c7-8f88-71e3172fa324,15
e599b9af-4783-423e-8cae-a1d1e9e28f8f,16
774fb9ef-f035-4c02-bd4b-69f31b086356,7
f2629ca4-cc88-4077-ac55-bd9601b5456a,2
f17fb03b-7f73-4899-b0b3-f3faafe91ea1,16
d2cdfeb8-a766-4f4c-a81c-3e4aa31429a8,15
45fecc7e-bc4c-4746-a90b-adac77227676,3
243113d3-0fd1-4036-bbe0-3ac866b9e372,15
8bd984de-ae3e-4b5e-a63c-c2217f2241fa,0
12325bf5-10de-4817-91bf-10a00b4cc076,14
2b39cd57-6bf5-4aea-bccf-f8a28d0d3683,14
f9dadcc2-e489-4aba-94d5-19109b9b0cab,2
5e662656-41d3-4ad8-8102-51f367505478,11
aaa6c130-df3e-483b-9e9a-6e7522761383,9
07e9f325-bd17-4e66-bb6d-287da13b20ed,0
92698b95-8126-4284-9fb1-fd581800cd1e,7
c581c4c7-e816-44aa-b6c6-b26c422858ff,10
36188806-cdbd-4f11-82ca-8970fed5f5f6,11
ffad53cd-d7e4-408e-a2c8-44871d6db979,10
970ffd1b-a46e-42ce-9289-bb5c8b80c1b7,15
c04ed608-6db5-4e34-bfe1-209fd138855d,16
f494485b-4f59-4391-bfb9-d4adcc90e4ab,9
d6e84b8e-cc07-4001-9931-9f38dc451765,4
ee8d21ac-ce5b-4084-904c-2188e17fb999,5
f73e065c-0e63-4251-9925-46128bf2f70d,12
d7737615-f669-4219-9ac7-d73f1f13b997,9
0969bf40-7718-4ca3-b06e-9fb96d4e59cd,4
99eebf41-e10b-4968-bce9-aee307ef22d8,11
6d42b825-aeb9-474a-a13f-0f6e65d8c183,3
33c021d9-c8e3-4194-80cb-cb8677c8b602,8
26f4b743-75ed-404c-9190-fea41eff20c5,16
22721405-bb8b-4ea5-9a1b-f8394c2eb7b3,6
e63fa9f1-2bb7-4553-b2bc-88f03b099a20,0
fd28a4f4-4027-4245-8f86-ba475a26b8d8,3
4df46cac-b60f-4f9c-b506-5564b7158a8f,1
7876fab8-bab6-4580-9cee-ebc7407505b2,15
feaa1a67-4d2a-42a9-acc6-eb64984f72fc,6
fdc065d6-3094-4f00-9835-3627bc0970e3,0
73cf35f6-b7ed-4cf6-9948-70e28dff5e8f,10
1234e951-e01c-4278-9df1-d59e24646e3c,5
b28a1e73-efc8-4d52-a4d9-52469bd67171,11
4a701811-4252-48d4-b162-2ae128e6ad11,3
7f8bbc52-fbc8-46e7-a6e8-fd179e450279,16
00d1ce7e-77ef-4890-ad21-3f709bc4d58e,16
831623e5-2bd9-496a-a3f4-fc4723b2d297,8
16fc8728-ee18-4d91-8004-de21edb0cbbd,11
0c8c1e3b-1b2a-4501-a63d-eb336436ba2b,11
26ec8543-4ec4-4a82-bca4-30bc05c34486,0
f750287f-d817-4254-9e9d-690af9765ef1,6
6acfc8a6-a1b4-4b99-9881-c1da697e7bde,1
0b58d755-34ba-4943-ad21-a9d1f943ad36,4
da271bdd-b4f5-4d7a-9799-f00cb488e6f3,3
06b39975-b834-4448-9159-728560d952c3,10
fdb2df96-c624-40b4-a94c-1ccbaa7962b4,16
a183dfaa-9f56-47e6-9578-0f258e3f1cfb,6
150baf6a-4860-41b5-847f-bf13ffae7806,5
142c0cfb-4c70-4a93-b6ca-c51d258db5b1,12
b703f757-4e7b-4a9f-b53d-895ae3942b71,13
b10a088c-cddd-4450-a9fe-438149810f59,15
d54d128b-c16f-499f-9ef7-bdb02b299900,0
da8f7750-604b-4d38-a3c0-cda5f59dcafe,13
cd7abaf4-806b-41ab-903b-680f9ec4a0b7,11
0d0e2de8-b54f-48de-993c-4c79909984ad,2
180aaebe-e480-4e42-8946-0325810d0074,11
f002f2c0-471f-4f1b-aaf5-3fd98ab01091,6
3cd4317d-fab7-4c8b-bfd5-421dd015de08,8
35c36727-88ec-45c3-bccf-6cda82f60145,5
1e496f54-a244-4372-976d-eed9bfc23a0e,14
36f606ba-e9d8-497b-9c53-07c4bcd0deeb,4
0a4443a9-15c7-4dfb-a7f6-bcb46220d393,13
98bd1bf2-6c30-4185-b6c1-554c23f90ff9,5
95e65d0c-bc09-4612-bbc0-c6934525f7e0,3
e54dc305-4e3b-4dfb-8775-af7e6ee40cb8,16
7b1b0382-dab7-4a34-abe8-0778ad7a2fad,12
d9a63bb1-edb0-4db0-acc5-403d2d670f65,9
cd35f8ee-f6d5-4aa4-8f48-1984d4ef23a2,16
5386cd6e-1dc4-47e5-8d0a-5de59fb96270,8
2fac4a9d-608c-4574-9a84-5c446900c292,5
f2296399-3cb3-44fa-91d7-5325b7ce7a9a,14
a2dd110f-ee3c-4151-bb2b-2c938eefd3f4,2
e9023c98-3b52-4038-b5d8-6fc4e9cef801,16
f3585ea5-d650-457c-b080-d73847eefb36,12
3af09752-114b-4787-abdd-8c38cd52ac9b,5
3958cc50-b390-49f8-8436-c3ff1f1b31f2,13
931a6084-a4de-476c-8de0-ac798996def1,12
932c3c17-74a1-4c67-b698-3ddceb7f3eb2,5
0e818751-4157-40ee-af93-2d81454381e9,10
5b5d3420-926a-4946-baa7-1641ad3d14b3,8
4aab44a7-c6cf-4f8c-b634-62b2a5d77deb,6
1f434032-00a8-4d4d-8b0d-d0b87f07d761,5
48577781-32a3-48db-8708-0fb76ad7f30f,0
ab09f516-5401-4571-ab69-7e059cc77875,11
9b3e76bf-cb4f-4718-abca-28b64e810292,13
4a0fb2bb-9675-4026-9137-67206b65e500,4
b97dcfdd-cd58-47d3-b83a-09de45fcdcf0,1
2207e8ba-f2ca-44e5-893d-98c62aa7aae2,2
182cd37e-819b-433c-a499-4a3435efa8e6,3
323fec84-2837-4fa6-8b7f-76e0473dc713,13
95be8c16-bcea-4c23-8135-e4f9355c0be8,12
3662c3a7-7b3b-4bd7-9f16-7d4a9e7fe755,9
f8f4e5a9-4686-4a97-a724-e140a537698b,6
854bb8ae-c23a-48d4-b5c0-0ba60e729b3e,14
5a033925-0574-4f83-b9dc-4f8320d65de1,5
f50845c7-56b3-4419-873d-ebcef7107b63,7
2eb614ea-50fb-474e-9f11-ff4f4273ff45,6
44571ced-034b-4eb9-b08e-5b6d1815242a,7
1a4f8707-4c63-4142-b076-7adcf6ab5d6a,9
8bf40a74-06ce-4bcb-ad78-ee3ed2020e1e,16
aeed297a-3540-40fc-bc2e-57c3f3e0b952,2
0c6d0ddd-c624-40c3-bc6c-8aca2b79663c,5
e6c29d7b-0931-466f-8fb4-87272c34fc91,16
544bd454-59cb-4fe8-b91f-aea087c7d155,10
f9c10e05-bde7-434a-b3f8-3d9a40bd9ed2,2
51291d7c-a298-438f-9089-4dd7530f7289,10
d7ab0f78-506d-4b91-ad72-d3a97e65157a,12
e3c812ef-f3a7-4cc8-b436-3626dd5da0d3,14
23be5b67-d755-4fb8-8a08-fa366f830e87,8
f65bdcd1-cc89-4289-9045-ea6b1ea1b34d,11
7797fb8e-a22c-4c9a-821d-16e6a15a6b7d,4
c27def52-467c-4428-a2fc-35e7f58d94f4,16
a2ed2a6f-2f3d-43ae-880d-4017ddc49023,3
dedaec52-2e49-4e96-b103-ee1e8be29345,2
2cd2cf40-8384-4511-b56b-92cdaa08cbcb,15
9ddb7a19-6208-4341-8e05-20fccceba356,0
277d278e-44e6-4ced-a4ad-180137a7ed63,3
620101ac-ff6c-4746-b32f-a65b0a6d6524,9
1176e364-784a-425b-a8aa-346ca415c735,9
c8f789a3-9ef0-4d5a-a683-aefaaa40bcfc,1
6cd1e8bc-0fa2-4314-a24f-e6f20a5001e2,6
cc69413f-613a-450a-82f5-678408517030,3
e6843208-9f1d-4e2d-b6f3-4c354d984ccc,0
e9598ae5-8e88-4a3f-b81c-2e4e9b29a000,14
a0d82cd6-9ca0-40bd-921f-4df943e55fd5,9
fd52bbc0-f137-4ce9-b905-e9ee7a69258d,4
f3d4d911-ff5e-49ff-9795-f36605adabe2,15
00e88888-60ef-47eb-a07f-10d3681b4ad0,7
0f638c13-0bf9-483b-a74d-bfa2853a2943,7
88e922a4-01b3-4b7a-bc19-5b8aa0b60258,8
d46df2aa-bf39-4593-87f2-8e7516ebf5c8,6
c8386315-34a7-4a22-97e2-efa1ae232be6,3
e10912dd-7b16-41e2-91f3-c87c43e620c5,15
c9622efe-1e73-4b97-8e12-5092b1757393,13
44c5c0de-22a1-4052-8995-c748763ac48f,10
b23a38d6-5fbb-41fa-b0b1-88851b61898b,2
6522ce5d-4836-4d07-9a70-a21d5630c0a6,6
dbbff69b-ae39-4059-ace6-9fe3592cf57c,6
bfcef30f-dcb0-4c9d-a486-cc50c77b5f37,6
1035e022-4bee-44c3-9b35-611eb9c29a8b,3
5908d8e3-9004-4ebb-ad4c-7ee8c72beea3,2
9fc211bc-cb52-48a4-8a78-241baf835a3a,8
92b94960-5ae5-4304-898d-cddd625d9e6c,11
dde71139-c7c5-49b4-adf6-cacfb271c686,11
f38bad06-e758-46db-a44d-82f686f2230e,1
b17f0e1e-86cc-486f-be80-408b37790749,9
af8e5a39-d399-409f-b0a5-d90139b35143,10
7012fdff-74c5-472c-b83e-d962a0708d54,5
7fcd1212-7ada-4f44-8521-64509348eca0,9
4eba4cdf-d891-4777-ab5c-e3e7077988f1,4
cabc56ad-3178-4e08-ab2c-b9a7a5431693,10
2a7694a4-f7d8-4482-aa40-a61f2a149121,10
9ae63802-2eca-41ee-b709-e7a6918c018a,11
ac46a914-157b-4d5b-9424-8299eff20a80,6
445e7455-cf6b-46f9-9c4a-8425cf86b7ce,4
dbff625c-ed58-4853-826e-71bc0053a003,12
d429d74e-80f9-43b5-a5e0-8b05db43b44b,8
312ea74b-28ef-488f-bc2a-0fb4735a2d12,2
720da463-f5dc-4d10-83e5-37f14e2c5c09,5
6078a3b7-05ec-40d1-9177-5c77afe266e9,13
dc0f2263-522d-46cb-af41-8bc0a0dd36e6,2
b3fab3c1-c3ab-42c0-b1b2-0d3805fba5a7,1
650e7355-e372-4b60-b6c0-9ef549392381,6
0b8f0636-2842-4fab-8680-1a892740cc76,0
9bf6da6b-41eb-4940-a1ed-c52dbfdfc72a,16
edecf9e5-0978-4ce5-857c-a193dfd4bc79,7
d63492ee-b9a2-4f52-964a-db9730e39c38,1
2ba9b45e-ece6-4a65-8315-8aace0d8cacc,9
daaa737f-a79c-4bd8-8c00-a8e8758a7749,16
e7955d8f-87e2-41b9-9e33-fb3de3c73a0d,6
be49a85f-5be4-4d0d-8e9f-72dbd5fb3fd9,0
9761cb13-f30d-4c59-8cf8-cd7d7495097e,4
a7942c17-642c-4357-9c50-750b90416129,0
e6d2cd40-7495-4bc7-8c85-61a60aad7e09,5
c9c9631a-b58e-4e8e-93c9-476d8ee636c9,2
fb14113d-ab84-4029-879c-ce2d51952fb6,9
019c5253-fa40-444f-a79a-1f6ebf5984a5,16
11667025-55a5-435c-9899-d5782350b993,4
4b447900-b715-480a-a962-bd62f66a5141,13
b87a36bd-0492-4d57-a5e1-3217f11505aa,16
1cabaa25-5e64-4908-b32a-9911070d2918,3
38823042-37a1-420b-8be6-2cd480677cd2,14
b58306d2-f6cc-46fb-942d-fbc341d3243e,0
d8670483-2258-4a96-90a1-bc0b2aa399cc,3
7fbffa07-f5ff-42a5-a92d-ef071752dd15,15
b2b6eee3-ce72-4548-b379-1332b8713368,4
112a3e59-1ad2-4b3d-a596-d8e84f70490a,2
68c84080-67b4-489f-bf67-5d36139d6eab,5
2f998719-fd7e-44a0-bbe6-ababde6aaecb,12
e45b29c0-df4d-4fae-97cd-adb7a7f99947,10
2b0a6b64-f569-4cfb-a703-a8e9d3f763c6,9
a19bbc6f-7960-4047-ad3a-adf4acd8c813,7
72c57217-9249-418f-89bc-af2f1379f812,13
c6d7b655-026f-49c9-9807-27d11d513dbe,12
a780b035-b606-484b-bcb9-d9acc3a8f483,4
46238f9c-b5bf-47ba-9da6-470e1349988b,12
58591347-53e0-4690-8e76-027dbd37af3e,3
c0d89bef-e004-41c5-9b42-d808772c9b24,5
e69b60c3-2faf-4925-a55b-a471770bcde0,7
5c2e2db9-1610-4658-9418-6e37168685e9,3
a11ac2d0-21eb-4e6a-b782-df95bded6413,7
ec44f348-7d5f-4421-8982-21dae907249b,10
7e416731-4fea-4e43-b07d-1783fa6c3419,9
da3f2688-d525-4352-9484-64ac26cac407,10
de013ae5-7e56-4225-9c21-0959f8042c62,12
49c9de6e-fcb2-4303-a7c4-35ee2e10025f,10
1c72c1b4-49a9-40b1-b4ab-7f9ba815fce8,6
8e4fb591-835b-4985-b370-eb3779c4d24c,2
cc7bb2e9-1834-4dde-af71-2b94461dc886,7
73647f31-67d6-4cf2-8f6f-0cb5b6daaedc,5
7603ad7b-ff4a-4995-ae97-d83a41cbee05,3
b669289d-1f23-4243-97ae-706183141855,3
3da4a716-8d05-4e39-9757-236981420ac8,8
834abd94-8847-4aa7-a69a-f859254a1b7a,10
a9cf1210-364c-4bfc-9b4c-6ae5c08e21a4,3
39d86e07-7a08-442e-847d-12c189da4ae9,1
5f4e9e35-9d3c-4201-a664-5bbfade85e2d,3
3972775c-ae30-4908-9d91-0d09e3d0bc32,12
2c3ff4c5-aa05-4688-be93-f034ba3cbf3a,2
806c57da-1146-4fbc-9b0f-f68197d94dfc,16
8e048a7e-1f25-43e3-9432-1d1e01316a7b,10
c7742f48-b046-417d-bc0d-64476b9a8208,0
3ff999a4-f203-4fa8-89e5-c5c0c316ae23,12
b78c637e-2bb1-4a71-a63e-6edb02f2fde8,16
4c87fded-1f52-4321-be8e-abc1304b29b5,15
793775e4-f4a8-42ce-8ad5-587819c30d0a,7
866ae7ee-bf9c-42a9-b49b-19d5bc4d0165,11
c4812895-92c1-4cc4-b3a0-fb86ca6cda89,3
0ba4edb9-9e1b-4746-8d2c-4db23d9fad45,5
7fb78f43-4a5c-4488-b506-e03af7dcc7a1,16
c2549214-a54a-4f88-ad4d-ba31a5890ab4,13
9db62d16-311f-44d4-86bb-a9e6f1d255bd,3
2a232c5b-fbdd-4c19-a946-8e6fbd3951b7,11
752e9dc8-d61d-4614-9fa6-2d616e7fb0ab,14
78d2b01f-2683-4261-b85a-32d1eb332a6b,16
6aca91dc-0c6e-412f-89c1-d588edfe1b1b,3
38d711df-108b-45b2-b0c5-38c903cd12e5,12
51b1e6dc-ffb6-4f1c-bee8-8aef92b3876c,3
870bc257-e1a8-4331-8c92-f90da9acd791,5
60c0553e-424c-4b4c-b06e-75da13ae0b2f,14
f9299b2b-e647-4f4a-a1fc-ff899699b6ac,3
6b68dff8-6cc4-49f5-9f0b-ad667e623d1b,10
244402f6-e454-40a6-83d2-93d90775592e,12
aa0a64ac-1419-42f1-965d-4274ad8131f1,5
4b616192-be5b-42a2-aeaf-79665a70ba7a,15
94878be2-371e-448a-b749-a8d59bd79a53,10
01ab330e-2eec-4122-85b4-de6c04740103,10
64e785f7-1059-429d-99a1-0df2982fe400,14
d1f9a707-682f-4d3d-8021-2a5b4c05469c,8
093c9cce-00aa-474b-b1f6-ee392ae54fe3,4
40ea4f3a-5a1e-48b3-9f7b-4f902315838a,10
247167a6-ff46-4340-8106-0798d0b79bc8,10
641701e0-3aa3-4e6e-88dd-da882c9716be,16
0af03e6f-e7bb-4c42-8771-3ac9eca96dd6,7
9aff16de-613e-45bb-8b81-ca697c1981bb,0
0367daa7-9aeb-40f5-9b5d-3a10567bf401,12
7ebebd11-e50e-496f-9d94-19ae8dc3ee5b,5
5c12f93d-fcab-40eb-a31d-ce386596ba53,4
7b601fd8-41d2-4a78-b25f-8673761fae46,3
ce4f971a-7969-40e3-a573-0534503c484c,2
141a7e25-2966-4957-a54d-2b105faef002,7
49fcce3a-a680-4b56-b900-aab91d8a5c58,1
219726dc-81dd-404c-9cba-166074793c01,6
3c961488-644a-4702-a799-455649a2b778,6
d850f633-f19f-499d-bfdc-55e60daf53fb,15
bcc4cfbe-e2ce-4337-bcae-f2bb483a573c,1
1f2c2982-956e-4eed-be9c-d17ea1d9ac5d,11
45fd8fcb-c7f2-4ede-ab23-0025938704e0,7
0d57804c-1f2a-4c90-9ea0-3a0eb69d454e,2
81fa6784-9f65-4129-b11c-7ab15b37ea28,11
76111d60-ee34-45be-a2e4-4014473891f2,4
f0630e8e-25f2-42b3-839c-fb0f9c1337b2,12
c69e8a1d-743a-462c-a6a7-8716510763ab,16
b5471952-c9b0-43e3-a05e-696e1077fd62,10
d5afc9f6-1401-4d7f-a501-ebe29553e5b4,16
951eb866-a227-4fb1-adf0-6913f17ede3e,16
84ce79f3-2252-4b0f-9c06-77b8423d96c1,4
85c990ce-e0ac-485f-b13f-2abda02b23bb,10
fb01e9b9-ae71-4ed0-a66e-261856beb880,9
83837488-ae3c-4233-8e3a-681c17c7e3ed,6
082bbb2a-7c8e-4105-ae86-9b8b7b771409,8
4c3ee36a-60e4-4695-9543-28f730ff3072,2
31c549b4-2d26-47f7-8e9a-e34b2fb7f751,12
fdf176a9-35e7-4e1b-a71a-5e3f5d4a0678,5
096609a3-96f9-42df-a914-aa7e843fd940,14
52a6373d-7a3f-4612-be00-9cbd2ebd0dd5,13
cbed11e3-dd7b-46fb-9d15-36ce4e6e8c4c,3
7ce555bb-afda-4cf4-8332-e326e48eef80,1
19d5c13d-69d8-44de-826f-85bf6b63a356,13
7e51a7c7-880d-42f2-b6ce-3f3a35572e25,1
7826e877-39ae-4c27-96b0-7e32833eef66,6
cb8cd04c-8b3b-4d28-b4b4-7b664cbfa97a,2
98273487-9016-4d93-9c44-663c6e98cea9,13
d9111e8a-3385-499d-ab59-1e0266d55cdf,15
1222ae8e-19ec-4c23-9a0f-57dcbd319e20,15
c9844e11-8d73-4cad-98b3-f5932e9e447a,9
d8f3abb6-5681-4434-b974-f3fbf0216455,11
2c3f7364-f074-437e-bb07-8e2eb3fca45d,8
5ff9be87-df0f-44b2-bba8-e06a04b23d81,7
7d46c3eb-1a91-4515-a96c-680d5b2304f8,3
3d9ec141-0aff-4c1a-8cb7-2968dc131a3e,6
fb52a2c1-9b8b-4591-bf75-b212c97b7c88,8
e7727cb4-facd-42bd-8452-de3189122693,4
ae44b12f-062c-4376-bc99-0cc44ef70240,11
cdf010cc-e4d0-4cb4-b965-8fbd3dc7071b,1
db2d8a64-3b89-42fe-82d0-beae020c2494,5
ece6c55a-3a13-437f-b035-26f40105e3a4,8
aca2647c-964f-4c25-a8c3-c26a886a336d,6
cc90d7e7-98c8-488b-9647-2b57cba870d6,6
1abf8646-9242-4682-9740-ece642b564ed,14
d00c56aa-607d-450b-bc84-2f6a1292460a,4
9e91f0d5-8659-458e-b652-45f20dcba5e5,16
352c8dd8-1559-400a-819c-215c576add58,8
1b779898-9b2a-47dd-80a4-4c9047ad608f,4
9c63fe07-0a14-4b46-8084-df04ff065fce,5
8853167e-3540-46e5-900f-5f43665b80a6,11
d6c3dd5c-d5e1-4cec-af83-d4da95259983,16
08ee9858-0994-458c-985a-de6416c09895,11
c3e5e547-6e95-48d2-80ab-2a888d3d1796,11
effff746-a254-4b33-be71-2bb42c3a3fb6,0
e6e2e2e2-54fe-46cb-8835-26543ecad6a8,1
f56cf1ed-9fcf-489f-960d-af997d5c0bba,3
c1fdd8e8-fa90-4c0f-ad1e-e8fcc601d2ce,16
19d7af75-293a-4c3a-8fe9-5a9dc45fa708,1
244d085b-cb11-4d49-aa7e-6c833b43a81b,10
5db1a582-8106-4b2a-a62c-d22ed9273833,13
06159518-1fdf-4f22-b735-1170a96453e2,1
84a2bddd-e416-4dd3-869e-f7cdf8522a47,9
3edb25ac-a0e0-45c9-9719-c1aec8c489a0,11
76db6777-254a-4f23-a74d-eca2041bcd03,7
6ab3f625-9e2a-4a99-aa64-a3e8eee401a0,11
bc71f21d-8545-4520-ad1b-e249c883ac8b,0
ec84de44-65f7-4b70-b76c-1194e2447cc1,3
d3390de3-ee95-44ed-a2ca-69b33ae8312c,16
fa20649c-1f8c-4ac8-91b2-1f7313c2d38f,16
ccf005e5-6547-4770-ba92-10ded35946de,2
654d6769-d6a9-4395-858c-6aa081f2f555,4
e4aaaea0-b52f-4172-80cc-e0ec05156c9b,8
d3ecfcf5-2c40-4a38-bb27-0fdad2415398,2
0eb039f1-abc2-4999-81d8-374c6ab28dec,11
72273886-6813-44c1-a90c-1a035263583f,6
b65e491c-223c-4ea1-bf7e-a8d547bc7414,1
2318af8a-7f22-41ae-8ca0-f5a3cea40515,2
011beb31-79bf-4a22-9e3d-dce82fd0d130,12
5d681e69-1bbb-43b8-a12e-317c6c461225,8
62921995-ec17-48de-856a-b83ba6ac66e7,5
ba56333e-dca8-452a-999e-9e85063b1144,11
46330608-13ae-42b3-bc18-3531df074030,12
59ffe36d-5b9f-4977-b229-661b1a356a7a,2
070ed719-bd78-4d74-acd9-c2324166f42c,9
64fa03db-0496-405f-a6fe-071fc2802665,1
9512ff11-14bc-46fc-a63b-be40883be8e7,16
d74cdff8-27a7-4c64-8cf9-ed097d9384cd,9
b8697d46-2ca1-4ed0-80a0-6fa99f0adc73,15
6e7b4f8f-8130-4e5d-85fa-a0916e297cca,13
7bb9e00d-7059-4562-a733-ab48e1ed20d5,13
73471873-cab6-46f2-872e-da4e7b4d7a87,13
7b250c11-d838-4ef8-907b-4f162450e739,6
03a7e394-6983-4881-8645-4e157e2cf5d6,10
1b8810ab-5626-4f42-9dc3-a7a90f0d10a8,12
ba6124cc-9cb7-4cc3-a127-5ef4c84154ad,0
807017a8-9bcc-4170-97c5-5abf564b21b8,3
61e24555-57aa-43f7-b749-b92623f467fc,15
6f9ed220-3819-42dc-8c21-fd148a4795d2,3
d0718935-7054-4ca3-839a-edf0e0b02c8e,0
c5360ce9-0081-4ba8-b4ea-39464d5d7b36,2
4c2f11ed-b67e-4f47-83be-1da1d2f0eb2a,15
ed76fd4e-0f76-497e-a306-a8ad975890e8,1
32b600df-9378-4b74-87ce-d55b1af28637,0
107e9c9a-d031-4fcc-abf2-96ab7dcabd2d,16
00f3eeb5-8a5a-4535-a4c9-736d75b41598,8
1a84d8d2-327f-428c-b5b7-81c270e1b300,0
7a759fa3-c8b2-4df2-a567-fb361950f153,10
f4c99662-5c56-4d32-a69a-d124ebe633da,16
39852cbf-243b-4798-9e41-cf2cef3314e2,6
61f3d552-afc8-4dc8-af90-568a0a44c295,16
1648055a-ec41-43c3-ad7e-24b68a32ff03,11
947a317b-c930-4ab3-8c03-6ee4a55e6afe,0
eba99405-5b90-4865-ba6f-f7f54c45b340,13
b7def0d1-fd48-448f-a519-341e08850d44,11
de13250b-1caa-4362-9452-ed6bc3d93778,11
817e137a-b3cc-4f3a-bbaf-125c7bac17de,2
26c1c760-d949-4bdc-8753-99c95cc6104e,10
de46872d-c530-400a-af00-6ef7cd3d8cb4,3
7858b875-af64-480a-aa1d-0646b5d3c61f,4
33a9fce3-2729-4777-8f81-b32b2cb682cf,2
0fe48f06-0b07-4f70-a60e-1a491acc9e79,10
9b6f78e7-db82-468d-9e6e-2aa78e9f2128,2
b84e5bd9-1176-4d9d-a060-2ef91b89b009,13
34a69e9b-30ff-47d5-9dba-42e151bb9541,13
d650158f-90b9-45bc-8835-b42cdd01d30c,15
9f69816a-a193-4bf4-98bb-393f1270addb,16
a459fa22-d7ab-4c44-99ef-87bb3ec8b33b,11
ccd1e401-43ae-4f17-ba76-c74dbc5afd7d,9
5bfbf30a-8a5d-4b27-b833-d8f049e30027,8
80d0ffd9-bc17-40c6-b45d-f08f2badd1c0,6
40dac1c8-6bf7-4df7-aba3-c01a39e00a77,2
d615e35d-12a9-4fe2-a5b7-a8e3a89dbf91,8
28b81cb4-8eda-4612-8568-c0676af8d3d2,0
801e7bf2-1e27-4a66-b204-a1a4ab3180a5,10
ae161901-9a9d-4c95-8254-7a2e6f045ec8,11
167bee4a-e717-47a5-8b4a-e4a9d06a1e6a,15
cbb47532-d2f3-4cdb-98cb-6a2db309b92c,4
138ff8fc-2f93-405c-8a72-3ec4498f9f55,0
5e35cc66-4f06-41df-be2b-f2e5309c3025,7
65804306-cbcf-4d01-943b-82e38b43aab1,15
d69ade5b-86a9-4474-936d-36ce8bee5189,9
335ed3bf-a05b-447d-ba97-db5ab9bbddb6,15
31d9c81c-7802-47dd-a5e9-38cf7e9a81f9,3
ff9cfd35-c269-41ed-bf6d-9e7f4bff70ca,14
4dfc3039-d896-4cfd-a071-623a7d9a2eb8,9
6f37a0dd-4d36-4a48-8963-86ef144fcdb6,14
04aa355d-0b35-4cd5-bd9b-390ff05bc4c4,14
fca21e9a-103b-4f89-adf0-d40517004842,11
a18f921a-9453-4dd1-ba04-4d4a445904d8,3
a19f5723-c345-487b-b1f2-fd3bb469803b,16
75bf2291-78eb-468f-863b-e78a47437f86,8
8efcc36f-c681-4f37-b794-8420b6c2186c,15
c1eca671-826d-471b-bd15-9b21093be615,9
90577c1a-07ec-4afa-9168-2dd00c885262,14
becd3a24-1298-4147-8a5b-b023ec99357a,14
8146886f-910f-4bd5-b12b-623aacb3dccc,13
0a87f5af-228b-4e1d-9a15-3baa69c8d3de,14
fb24a228-9cb8-40e6-835e-7cf9e0000baf,16
7e19c0a6-6bb2-4f10-96b9-a7372a2e2502,10
328fd9d1-04dc-4d94-9d70-824d53f3df8a,1
80ac1221-7a3f-4618-abee-1c57568586d9,16
156b94e4-684c-4eec-9a01-5662e2cc237b,4
6cfe7dae-07ee-4a41-afbf-c791c9c7823b,7
ee4bd1da-5655-4cba-b1d7-3f3893c2a76f,3
031731b7-6b34-4bdc-b3f5-fea08777d177,12
aaa8bf27-eeaa-49f5-aa2a-786b6ad2f711,3
7aa03572-eb8a-4bea-b871-082e1cb18601,8
1bb3bb5c-bb1c-4817-91f9-17a8e22f1f7e,8
03c37938-634d-4cdf-a40b-852627c80774,11
00c7bd0b-d21d-43d9-a37f-cd9413320070,10
b738f2e5-4256-4cf4-b241-fcd91cf0b06a,3
438988ce-e268-4d96-96cd-483289812e7c,3
a5da16a7-c825-4418-99ca-8201f8dac83f,12
b77f1362-b0fa-4fc5-982f-ad5db2575351,8
1806c370-1424-40c8-b176-8bea9a455944,2
5f82c85c-9216-4fb8-ac97-3286d1d30a6e,8
7e63c814-c43f-452c-9289-2fe532031e3b,6
c11befbe-1341-437a-9c6f-6d0c82617f0c,5
07cd79ed-0071-459b-a1f6-1c20931ee9f4,15
3ac5ad85-5339-4318-94d7-d5d69fd13f0f,13
d81039b1-ed77-421c-aaab-3f40c0a75705,12
d3965838-4e51-44e8-a0b4-67dd17fef36d,15
96da7796-dbf6-4805-b127-f0015b4f2de7,8
23c8873c-9b73-4812-a46c-277dea66174f,0
3b65bc2b-8859-4f98-8a76-e705a7412df7,3
e460db1e-c8fd-4848-bcf7-052f406855ab,10
be6c8642-0de4-421e-861d-0b3cecfd3fec,2
a387f0dd-5225-40dc-b7f1-8c4b2c7d8b70,4
008c5b2f-07f9-4f9b-a2e4-70dedd763f7e,4
10d23eb8-8e83-444e-94b0-cb33da4f2329,4
425202a1-ec02-49d3-b6a9-a50dd605203e,5
6bb83276-39a3-42e3-8906-6e8ee4b0d835,6
e4635c90-67f8-4042-9c0b-c03ddaccbf44,4
d3c1c8f3-1849-4e11-9f0b-f4f4fbcbfdba,14
4eed6c2c-deb3-4a3e-8fe3-a8ee2a8e3e20,12
a90fe16a-21f5-46fc-a412-32ac4cf06d0a,7
e73f4837-b530-417e-8f57-9f0028005809,1
2e374761-ce1c-4102-8b99-fa05916d83c8,8
0dc128f0-f3d1-402e-b9f6-a567a6ea1ac1,12
91054788-d3b9-4195-89e2-2c1d84be41b5,7
8de29b92-a33b-4a43-b061-3c88109c1399,12
3f3053a6-d07f-4429-a967-7bba8c73e5cd,8
a1be8f8b-a46e-43b5-bd36-e3b2f01f0cef,13
71c09684-4c27-42ff-805c-8eb1efb9ac82,0
2951de95-4c34-4593-ba2d-b1823069e5f4,12
2ba9fb69-66bc-4b1d-b3a0-ea2d6e4a9c9b,4
8e0049f3-8a6b-4c5b-97bf-f0c1cf0e7b81,1
a3471474-7b4d-487f-b466-95a997bb8f48,0
eea9e46d-75ce-417a-b75a-46c06dfadc45,8
47189fa8-d30b-4d1c-8875-67bb63890ed5,2
fdd1899d-737f-4dcd-a12f-58a85bc08d14,5
0eb813c0-d290-45c9-b952-443197138346,5
941d539e-3299-464f-aac3-13fbe56a9862,9
9aadf3b8-43f3-4a50-8d79-16750d598d00,8
58fb1fc0-c680-4784-83dc-d8bdb814831a,11
38fb73c5-f4d2-4045-b5f8-774ca6a299d7,0
7ab6592d-d4e6-4491-bf92-f7adf57de152,11
2ade00bc-cf71-4612-ba72-902df7a6ca39,16
ffad8efa-e71f-40d9-b957-9e6b7d3ee640,7
ab574c76-7e07-46c8-9409-656b880e2cfd,9
e1e7fdfb-da5e-4d04-a3b0-c6c0ccfdfb63,3
1b4d43e5-50ae-4f48-ae75-a0d246a3fc67,1
5255225d-5960-40a7-97f8-27eeb2604347,14
317756ee-7831-4ec3-bf87-66cd5bdc209a,13
9086121d-5380-44fb-9213-773af9d9d22b,15
719133e8-55b6-4762-b2f7-223b5ebc87bc,2
614bb5fe-95bf-4e68-8bf5-b4b4f4090afa,0
f9918491-abff-4bed-9cd2-d15f273adb5b,10
79833b6e-31b6-482a-8e03-938bdd0cf5f1,15
a7649357-2857-40f0-86f4-64c2410c07a1,6
2250b516-974f-4520-b946-0e7a5cb58900,5
c68708cc-8743-4805-9cd5-c7ffdb0fdefd,9
cfe4b81a-1a58-4c5c-85d2-697af3e4994e,3
0213ab2c-0079-4af4-8ba9-2387d6ef5049,14
12092308-d4ec-490b-ae79-f89e68628aeb,9
0b959b98-e676-4c69-a6ca-5fc29079bb4e,12
924cfe91-19fa-4bb6-9041-60c4f9bc2b15,15
dc337fb5-04a2-498b-829a-c7270f484bd7,8
cb1609f7-845a-4792-b30a-0463019cb532,8
c9f7a0e4-65de-47f6-aa6a-22b4dc1773e8,14
b255f17e-de9b-46f1-bbe9-422e067ef8d7,4
9a941335-a59e-4728-aba3-e69d6273291b,11
4b663bbb-3dfd-47f2-909b-7293566f8a05,1
111077b1-5cd4-490f-ac82-5b8cd26f1c07,9
f1e8d44b-d9fb-4dc5-8cd0-c88aa48789c0,8
43b14434-e509-4689-aa75-d0d124a17aad,8
14fc69af-fd8f-44bf-9871-e380be358213,12
5fc25ecd-ab97-40f1-ae1f-c544d1fb2bd4,0
ff643dc4-2f04-4daf-9ebe-efe51c65717f,3
429341c4-e782-4892-9c74-402df1f66c97,15
aa4ad546-a7ea-4e87-9324-bc445d4a5e47,12
aed7fa01-036a-4032-9c11-a51a5f94c31e,7
772f71bb-4b7f-4b8f-9902-c134850e6a1e,1
5c0fca69-0c18-4cf0-a4ff-ae3aa2c02d05,8
3c111902-3dd3-451b-9a4e-e1f4eb181b45,6
06345108-b4ac-4c61-baed-d5bb209bf848,10
961b84f4-f6d4-483f-aee7-4a6c3edb9250,12
b028307d-c5f9-4f0e-a6b6-721782bfaf38,7
c8c70a8c-7e53-4261-96a0-f40558d71a3f,12
2adadae5-cd33-44e8-9af7-d57207ef7b3a,12
46f260f9-6e62-4e4d-9d43-bbc13874c944,2
cd100dc6-f28a-41b1-b156-9ef92e52126e,15
8c4e497b-0d6a-4c63-a211-836cec07a65f,1
30c11c32-79e5-44a4-862a-26ebfc5c8c6d,0
1ca37b12-fbd9-499f-90a5-a6ffa7926ac2,8
d6222203-3ca5-473f-a0b9-235e13bbc16b,5
2f6d211c-5e4c-4aa2-835c-d26cc140b7d5,10
547cda0b-fb3a-4349-81cd-235d8372fc92,13
af7fe80d-2c46-4ea4-a598-dff1bb25c914,2
33ca503b-0fa7-4319-9fa8-7f52cefa94ab,9
4e29845c-34de-494d-b82f-49ccab662d43,13
978d123c-ce82-4064-b079-75bd57f20dd9,1
6aa73c4b-a77a-47f4-9efe-aa1bd13dfa11,9
fb47f642-8598-4b68-b64d-0df83e102403,3
4c83e10d-9450-4b5f-b3cb-54dcf08fee39,8
780e239b-883f-4b5a-ad66-890232af82b5,7
9c0c3028-aa41-4437-902e-4443774739e5,4
75d5d3ee-228f-4f24-b5bf-2f5b243c1409,8
287d5bb5-cbea-48cb-b458-407fee30549c,0
e12ccb7c-f6b6-4c77-90cf-19a15ac90172,7
8ed72e4f-06b2-4768-9325-ad33fe33dfd4,7
ba340164-a9f1-4793-8941-8757f8500d8a,3
ab99538a-7851-4810-916a-e088079949a2,11
981a1bfe-1fa8-4338-a1eb-917539531e9d,11
06907d14-76f2-48a1-8b29-550a1711792c,16
481aaab0-ec35-49ab-85c3-bcbebda339d4,16
b7f40db5-36db-454e-a517-588c7e526512,13
9e2e43d2-5a4a-49e9-b8f2-65b4eb8f736d,2
a8f3b73f-ea1c-4640-a6c7-d3604b1d9792,0
0b6951a1-8a67-4cff-a894-f6f029756f45,14
0c5353f8-a911-4a0c-baa1-1726a6dfed02,2
dd463887-2d78-43fd-9c64-f607d85d5653,13
790abf73-f35b-4d3f-b0c3-dae73d90aa88,1
68789829-eca4-4309-a8d6-d904545e7cc6,12
b175915b-0e71-4e71-bc14-5ddefe6d598c,5
e3debd48-e335-42fa-bad4-ce7a90e5d9a5,7
4355a352-857b-4eb6-b706-49094ba91d6d,9
00fcd0a6-e68e-40e9-8455-5af81a1bf11f,8
48bd5674-8a47-447b-af32-76c275ecab4e,9
3cd110c8-0aff-4a9c-a9ec-ff4460d7f313,1
c341d538-9528-4e78-be5f-c7dbaca25d3e,2
358feec5-ee25-4b16-84bc-d2462174e652,6
2364760d-ff89-4eae-adc9-f2fadb4791d5,8
5fcede95-2cc1-47d0-9319-63b92a2953ef,1
230081ae-54f2-4798-9369-aa07afcfce61,11
23e47859-9795-4575-987e-5520a3bb12b6,9
dacca981-c7ae-4faa-a060-9414c7eff003,12
f738bb72-b79e-4a00-88a0-aff62b080076,9
19f5f755-c84d-42e3-93e8-d01c7247d793,15
78b307b5-95b0-4133-b953-b682c6466524,14
5564e675-06fd-4cc7-9620-0b6c43b944bb,13
7f0ab862-9133-4560-a8dd-baf0c2c3bfc1,11
2d2c2b8e-13dc-40ce-be62-0fcffcc2865a,12
85402504-c6c9-4b0a-94a3-370e7d2d8963,15
25a8c7a3-70b0-4c00-a0c8-cd0409135a88,14
b7ca9d80-9c30-45ab-9c10-36889a07014d,2
75f75845-09c0-40b1-8598-12c4e741c6d2,8
a74bf77c-b969-4fbe-afb2-d5eaab571464,4
bba1177e-bb25-492c-a6b8-cf137db53dee,15
f444f805-37fd-4053-bb64-6fec4b1b26f2,7
2ef30ae8-6e74-40bd-8a82-ea25ac172eae,10
0a9d8021-fccb-43b5-a2f3-0f902f7404d2,2
4a85a3dc-c5bb-43d5-809c-8e722c5e13db,2
92ddb0ab-627f-4d96-ac44-cf1a22f2044f,2
7195f3e0-67b5-4773-b6c1-900ad22940aa,16
39b5b5b1-46f2-43fe-8bb4-73b9b46d2f03,0
b889c3b7-bb3f-42e7-b132-a2a3926a2ce3,1
2e79a303-a331-42c4-a811-f11f56280ca3,11
4585b8b8-418a-4cac-9a21-68306a0a324f,15
6a0f4f8d-cd8b-4632-99b1-0facdac340fd,1
800041dd-45d9-4d07-b957-e2a41b20a5a5,12
73dd2d41-036d-419f-82ae-3a62bf781d78,16
d932cf8f-b7d3-4a81-b617-399f2c1fd430,6
f2640139-6c7f-4ea5-8bc4-6d7c8d9aa8d8,9
c31e141c-9538-4ce6-9911-339f8eee7d10,16
62f9f33c-e1dc-476b-a886-8a75f636480f,12
5be6e9a4-10f8-4afd-b2a8-5f2633107913,7
9cda216a-1045-4c9c-9ec5-d6541ec5d21f,13
051ed070-2a35-4101-b7e6-bf994fd8b138,5
a66aa765-5631-4d00-afcf-b8d18a1c92ee,3
a0e9fcc8-3661-4d15-9e6d-c2d8f4ecd2ec,13
aca45ea2-8946-4537-9168-b8801fd3d350,3
ebd366f6-1113-439b-b164-0912fcce2e7e,11
6fc04b04-36ee-4457-a3e2-da2bde7519a0,5
19200c4f-d253-49c0-9b81-519636e3856f,8
12f1b25f-229d-410c-835e-bfec2311a81d,5
eb1c3c0c-17da-49de-b97b-f1a9641f2c7f,3
f77a4423-8ada-4916-b80f-ae3eda1df72b,16
9792edda-846d-4781-b3f3-0447a0db88f1,14
ad8c7f39-cc28-455e-a0c5-601c20a3a2bf,10
7101cb84-faff-456e-9c11-2c0c6b1b6f67,14
aa60cfb3-ef13-4de0-ae2d-f97b78d61a11,7
8863ddda-4109-46d0-86ea-8d4ce330df31,16
8fca79a7-9515-4697-aee3-893f9e2a76d0,7
363a0ace-79d9-4c92-8cb1-170c3609a414,14
2e695546-5d3a-4388-82df-f765140a81b9,9
76402d6f-39a5-4329-96d5-53fd609a4dfb,15
b9918297-c2cc-4c6c-a9ea-887bf46167cf,1
f3224640-c24d-46d2-9bee-8af8bc6822a5,4
2cd4047a-37f5-414e-84b2-c2d93fc434ce,4
a7554a06-078b-446a-9f02-e0735add66d6,11
6cc595cc-edd4-44a5-b1ea-b01ac2ed3604,1
e719c95e-c63b-4f0a-bea5-d71eb2259196,10
85a5727f-9693-4a15-9aad-a198371af00c,16
eb31298b-725e-46a2-9ae5-f57536c643b9,6
d1daff69-92b5-450d-956a-bbfb2728159d,1
08965de8-bcc9-45c3-a6bb-0d5739cb592c,0
6f2d2f16-6e5b-465a-9f4d-480f19f30bec,13
4b71273c-a879-451f-bf4a-edee83a761d6,3
876b78fc-8ad1-4d04-9d13-c205598242ee,14
079e2b87-63e7-43a1-bce3-2657a47013a1,15
6e6bb7a4-18ab-482e-b5ac-78766a4ac5bd,12
06ad071a-c450-4e2f-9e6a-f3f6159b6fdc,7
24cb3d1c-adc7-40be-8919-aff4cb60dd23,9
2c1b86cc-2e1d-40df-a5b1-853fe8bfe472,5
51ca4e76-711c-4f0b-b6f5-f12949d40fad,11
7539a4a8-a5fb-48cd-9e14-e274c6e5f3ec,11
d8b7ba2a-b7ff-4973-9f80-d19cdaf7fc31,13
35a85c44-8ba8-47e0-9f16-b24397dca3b6,12
7c3f84c4-45d6-46f9-8376-11864cf417db,2
f47e911f-0778-4077-bf18-9114bc81439e,1
bdecd62c-1507-45e8-bdfc-ac398b92a880,8
f6af9efd-35f2-4e12-8b6e-1650ab07c53a,11
d6208f50-1eb0-424f-8122-beef661aca49,13
4f1bc2ea-4788-4b43-b2f7-9c8a009b94b2,16
31768917-6ec4-4f5a-96a6-53b50c292043,12
24202b89-4604-42a9-ade2-457322aa6d65,4
b9da9cac-613e-4181-9e4b-a39f06502f4d,10
998c6b6e-3fa6-4684-bdf3-e3e7efca4876,6
bac54238-955b-4dd9-8acc-f9442b2648bd,1
45c170b7-c183-4094-be23-6a8232c5a7f5,2
36145648-069c-4b35-a910-35b0688f2420,4
261d3cfa-a199-4af5-897c-51fb0d4204f0,1
b4f331d4-4a50-497c-958d-57ca29fc0dc0,8
c7ba969e-dead-407c-a7cf-7d6e3dc4301f,12
0f908937-7eb9-4357-b0fb-a5d315dba6b7,1
2667b65f-d18f-437c-a07e-f3938f859ff5,4
80e8e26d-e3c9-4264-9dd5-e95d83141af2,0
31b744e2-58bf-4dde-a840-9ab5f2a9dc6a,16
edda469f-5cdf-4808-b349-4a55e2a201a6,0
2768a967-9082-4f3b-987b-6282d4cfd76f,0
e6274355-2eea-4225-96f2-d75d176a62f7,1
ec328962-a033-41ce-9f15-9017a9351d48,5
0a66ec25-ac64-4974-8f92-2c4299777f03,7
9cde2d71-2e6d-4e85-bde0-970cf8c24c71,16
70a72fec-1c64-44a4-9c59-b89f9d35231c,5
d390abb4-1ffc-4ddb-ae42-1dcedf7031dc,5
ddeb95b5-3598-4a0e-883d-1becb1e71f16,14
a3187ddc-cbfe-489f-b989-72e9a8db624e,8
4ad1aa20-c471-4c41-a04d-f3010f02c8ac,3
2ef45a37-e09c-4a1a-8625-315aac1725d9,11
f5d59b76-bb8f-412f-8c63-398cbaceee7e,11
3c933c18-6fb0-481f-93fe-f409edd8b379,0
ff67f4bc-c451-4bb2-aeab-3ed15493748a,8
e84f1459-9255-4a52-a232-b249551005ad,4
6d98aef9-d013-48f0-b413-22e46f8b8110,8
97ecc06a-97ee-41e4-b01d-8d2e11332125,11
8971dcbb-e7bd-485c-9e7a-935f67edaf08,1
25f1dfe0-23af-44d8-be01-ac2c1f4b2c97,8
7dd9dd98-7787-4173-852d-25140aee1059,8
70407571-600c-4c8d-affc-6e9012d61c2b,13
60a60490-8ed1-4e6c-9d33-699a7cbfa0e9,3
855584b7-a181-4d15-9426-38dcca668468,15
973c35af-3458-48f0-90e8-157787ba0cc8,14
df2b4d02-5a15-4eb8-9611-559da252feed,2
a2b753d5-651d-4e9b-9d11-5104c585ab67,11
1dc756c5-6f4a-4a16-8a2a-d9d2be01244a,5
12176e08-97cb-45f4-843a-1a29c91ffb41,4
a2217be8-43db-4bbf-806f-e6b72c29989a,16
1b1b6581-4408-4607-b18e-0b224f220110,13
7aa14778-b833-467a-99ea-380d00386a86,15
83db6af5-22f7-446a-a487-b6b2120e9a54,9
f129132a-61d1-4731-b0aa-f2189d3271db,10
ab9ceab3-b00a-4197-86ca-4909c9e17185,14
b443af73-2ba8-4b44-8801-b61c6d003076,13
8ff4866e-fb45-4c7d-a02d-b0f6b3a7f6f1,8
14e23968-a130-4864-b765-e3ad7688b123,9
9d0a17c2-eddc-41f8-9c9f-2c98d3898421,0
8af950b2-b755-4d84-89e1-178d0fac5cfe,1
be319938-6ae5-4c1d-a703-8cacc9670039,2
08af55b3-1e3e-41a5-80d7-7d1be85e06b2,10
f6220194-e9d0-4722-a5da-056f0f284bae,9
b6bed0ad-b8dd-483d-9028-d2e7f0df56a8,14
4cc6aa61-d033-449f-95c5-e26bf8647b22,0
785d85ec-6b34-42c1-b631-cf3a40ee1e55,9
458335db-28fa-4eef-b8fa-9e4884cad95e,13
207dde66-8186-4654-a300-57bd225c2e93,4
0aad7f76-65d3-4e48-85f2-18204ed411c7,11
7b2c998f-378f-4afc-964a-92f2b55d911f,15
f8989bc6-67cd-46f2-b405-ab1d9de48012,2
5446653c-0cb8-4102-8d0b-3781bd566d33,1
e6047095-4ed5-4156-9015-3ea6719b16c9,9
f3dde1e0-f037-4ff5-845b-f7e1375cbe9f,12
dcf7af90-8c06-4bcd-a645-f4093b83289a,13
3e071ac0-77ca-49c0-a7cb-62dde4ced1cc,14
9a42c7de-155f-44c8-b13a-1b933f4fb4cb,0
fd5acdbd-106b-4378-920f-9384c62ff96c,10
56e06502-ace9-4638-b71b-12590afd6726,15
6554f7f4-5c02-46ba-9108-92488c96f3ed,16
35bdaf38-3515-4a10-b24f-bb86f3cdaf97,9
268feebf-2463-45cb-ac5b-e8517a27daca,16
16401950-7982-4b46-8795-92882512a4e1,9
9a0771f5-a401-4f20-8ac0-eb290a9de228,8
abcda1ae-9367-41bb-911d-5dab3a21402e,1
ed007adc-98ff-40b9-ac1e-182c38c2e05a,12
6adf3a04-681c-4260-b841-e656aee8e773,4
92b54059-39ac-4711-9d6b-a5dcfac91875,8
f2fc6a6a-07a1-49f4-ba84-1acae3439021,3
7f25cd09-8323-48e0-9b65-f009a5ce8bec,3
aa4343cc-1b54-4240-9d38-a57b2190810f,5
0450d064-17e2-4345-b6ca-4bb2b28f2e50,15
82b995a9-1cac-4533-a658-37346163b330,0
da9282bf-20cc-496c-9765-636423990931,0
19354f17-850a-43e3-abc7-600bde0f5a1e,0
fe49beb7-8aa3-42a0-86f2-6c60544f2f30,13
2474421a-9c96-4f6a-80a2-0182af111462,11
4c76186d-0d77-49fb-9f69-dc10c541e903,5
f03934ba-7493-4988-a677-ed623c1317d3,12
41ceab76-d4c0-41e1-953f-01468ab79d1d,6
14373a1f-777c-4057-997e-97ead104bc6b,13
c002c91a-f071-4eff-99e1-2c9675fdd15b,8
694de7af-de99-4244-a4b3-689d3764468b,11
ca00fba6-bc2f-4f0f-8088-0be4c8019843,2
6cc5271b-f77f-454c-83d5-580a947368ed,13
1f4cd139-cf36-434b-af84-1176d8e78abd,4
3199924d-ecb8-4565-b659-5727b74fbce2,8
6b2d7b78-98df-4371-ad2a-58767695856d,15
4ad5f3e8-bb40-43b7-b0bd-d69f51be733c,8
c8b63bb2-1831-4545-bd82-0b366e62fb53,6
024d080d-b4b2-4e86-96ed-288ffe407c82,3
9e9a8a9f-2384-453d-ac18-59f8bc5054a8,9
7d3e7d84-20aa-40d8-b30a-4f78c3254b19,12
46b4d7ae-a20f-4415-b963-3cd30f886316,8
d8e95953-f528-4cdd-b7e0-fbdebd8a487b,3
206e17bc-61c7-48ed-98c5-ef0622883ef6,12
03fe5b72-e87f-4b31-8e61-5b6eb825d32b,13
95e3eb57-a86d-4484-93f8-380e13710958,16
cd2902f1-29bb-4e0b-99c5-415eb5bd777a,15
a8737342-a2b4-464f-aaa7-852709bffe37,0
534012c6-d4cf-4eec-8d26-0a7485bc4763,5
203e005d-04a7-4260-b08f-bd8b81cf2b41,14
0356be8a-9f12-4ef7-bf81-f2571b0dda65,4
49e99d9f-994c-4606-8d0d-eff973efbb68,15
9e9c3a9b-6677-4d13-85ee-4aca6c29787a,4
5e71fc0b-1365-4e31-a5ea-425a16f6167b,7
767d9bb8-2502-471f-a951-aed7f7c0e235,11
13e2a901-f8b4-4997-bb2a-5bd3c3037af1,15
43f6b5e9-c702-460b-b507-77ad83eb3d6a,5
8ed790d6-adb2-4386-a4a5-7072fa3967ba,11
79d04ae6-b1d2-4ed0-b4e4-489988db4f22,10
709b4120-e6e0-4f2f-8220-446a0d508f03,12
e650cd84-4557-45ae-93ea-a81318879150,15
481bca22-548b-40b7-82a3-4298026ee8f7,13
89992e16-2e78-4f99-a0f9-fa4ed0a8a976,6
f37a54d6-fa2c-469b-87e0-e19c8e40e151,16
d1e9fd17-2685-43c6-9a63-f1868a416098,12
327dc8ca-186b-4729-941b-eba9c3f88f9a,13
514142f1-71a3-4448-af0d-07c958c9fcd6,4
0617aa76-76d7-4422-93bc-a1d3b2c40fd0,2
ca0d0a7a-47c8-4cf0-b7b4-a135929e01f7,9
a3a5c6e4-259f-496c-ada3-3d407fb1f332,8
c78b27c2-9f15-47b2-895d-2388a1b43de8,12
e184f22d-ca39-433d-a130-1f67c81db630,2
15be9e7e-0d2c-4a93-8c48-8683ce67ffec,9
0c5c9572-3b64-4eb6-87f3-f643d759b93a,7
122077df-479c-4162-ab3b-ce3b3ed1f4be,2
0e06e84c-0c10-486e-92fe-034cfe83becb,12
65a4c813-139b-40a4-87df-edf23d451bde,4
888d87df-ba66-4b0a-b0e6-6da5b54ea744,1
92dfdf24-5f6e-4e2f-add2-92c678f5ed20,4
c334c24c-7fad-4f58-a07f-e3a8464afdb4,2
848119cf-bd9b-4601-b3d2-7477ee796edf,7
bab5c1b1-5a75-4215-a84f-01355b29782c,6
d0038fa2-faaa-4967-9366-4080eb2b198a,8
1f9b08cf-9158-4602-a5d2-f1f0e2c576c6,1
64af53db-60f0-4e6a-948b-2906b6201d96,14
4f396bd0-28e7-4730-bce6-10011bf2e4e9,0
ad0ba5bd-8418-4458-bb96-5b8eaeedac57,0
12987ead-2be8-4f95-8a66-9189d58d33a8,8
3b6dfb07-e0c3-4452-a051-4e252558ba33,7
5f56f0ee-4870-4d6f-a4b0-737e27b96b28,8
9192cbd2-9f14-4991-9c0b-81925b9c9ba8,9
fcdf2464-b113-4614-af41-a0e777ce42c4,1
2943400d-d49f-4b25-85e2-8d69d2285fd6,9
2086f762-b914-4322-88d2-27b1058aeb21,14
16b0ef24-8413-467f-a7da-fecd4eb0d91b,12
e0a77cf4-3d8f-4edf-b83a-96da8b4f753a,15
db03af2b-b3e1-4dc8-bb9e-7a222f47d6b2,8
940b9fc8-3699-4d40-9694-56a461695339,2
fbf4a4e6-b2ba-4978-a4fa-149494861d52,3
3a6b6dbf-f0d4-439e-b525-ee21fd2f1552,13
5c2f504f-ed1f-41fb-ae21-1b64bd457e3d,1
d9d230cd-90ab-4388-a890-9e9e5f185855,8
df7c9fcc-1535-4441-8c27-3d48f3d64070,12
e215492e-fb56-452c-8ff7-0845a0c7aeb0,15
2caaf53e-7d41-4fb8-ab61-fc4e384a95f7,0
3ed88f67-1473-4737-a669-35b6d43c6857,7
07ba3b42-c697-4504-8636-13cb35486d62,10
a64cdbf8-2873-421c-8c3f-ebfa950a25b7,16
19c7e6e9-bc60-4f8c-bb73-818a7c443e17,2
dde43ea7-f089-437f-b8fc-33a2af5f063a,1
4e04379b-4a53-4bab-b450-92ca402388c0,1
6efd3796-4f4f-4c9f-9e17-d0641313bd44,13
9f5f422c-f9dc-4b2c-a7f0-a45d997aa6f3,16
4dabae57-52e7-49f6-be16-345e45d6a021,13
d92e8058-c6a8-4e20-8592-220ac2cad856,7
3e9a38f5-e894-4738-bfe6-7332072e4f03,14
4693bac7-d358-4cd3-84df-0687c057e05a,13
b4d1d4a9-3435-4b1e-83a4-74cd1c27345c,9
e4efd67d-bc92-4699-afe7-95d6350ca352,11
7bcdf50e-403e-4bad-bfa6-4fb0dac6bf00,9
538a808c-9612-4b8e-bad8-59f3c765a648,7
9008df73-ac78-4dcc-8d10-ead0a56f0650,10
e80dfeee-2f23-48a9-9d41-6dffa1f9cccf,0
f4fa1e6c-224f-4454-80ba-acb0e43b1e84,16
4456aff6-6b03-4edd-83da-35a78118ad7f,4
a10c43dd-cfb7-44f9-942e-af489b5aed03,16
5340587e-c423-4d75-b455-9a4e9f9682ea,12
